candidate_id,row_id,doi,title,authors,journal,year,matched_keywords,match_location,inclusion_rationale,final_decision,coder,date_coded,notes
1,1,10.1089/chi.2025.0022,Independent and Joint Prospective Associations of Screen Time and Sleep Disturbance with Body Mass Index and Waist Circumference Among U.S. Adolescents.,Al-Shoaibi AA; Helmer CK; Shim J; Choi W; Dooley EE; Gooding HC; Pettee Gabriel K; Baker FC; Nagata JM,Childhood obesity (Print),2025,screen time,both,both match: screen time,INCLUDE,AI,2026-03-24,
2,28,10.1038/s44184-025-00131-z,Examining measurement discrepancies in adolescent screen media activity with insights from the ABCD study.,Zhao Y; Han X; Bagot KS; Tapert SF; Potenza MN; Paulus MP,Npj mental health research,2025,"screen time, social media, smartphone, video game, media use",abstract,"abstract match: screen time, social media, smartphone, video game, media use",INCLUDE,AI,2026-03-24,
3,44,10.1001/jamanetworkopen.2025.11704,Social Media Use and Depressive Symptoms During Early Adolescence.,Nagata JM; Otmar CD; Shim J; Balasubramanian P; Cheng CM; Li EJ; Al-Shoaibi AAA; Shao IY; Ganson KT; Testa A; Kiss O; He J; Baker FC,JAMA network open,2025,"social media, media use",both,"both match: social media, media use",INCLUDE,AI,2026-03-24,
4,47,10.1016/j.psychres.2025.116523,"Adolescent smartphone use, sleep, and physical activity: daily associations between sensor-based measures in the adolescent brain cognitive development (ABCD) study.",Alexander JD; Nguyen-Louie TT; Gupta S; Cummins KM; Wade NE,Psychiatry research,2025,smartphone,both,both match: smartphone,INCLUDE,AI,2026-03-24,
5,50,10.1556/2006.2025.00035,Beyond screen time: The core influences of problematic screen use on adolescent development networks.,Xu LX; Song KR; Deng HY; Geng XM; Zhang JL; Fang XY; Potenza MN; Zhang JT,Journal of behavioral addictions,2025,"screen time, social media, smartphone, gaming, problematic screen, screen use",both,"both match: screen time, social media, smartphone, gaming, problematic screen, screen use",INCLUDE,AI,2026-03-24,
6,76,10.1097/MOP.0000000000001462,What we know about screen time and social media in early adolescence: a review of findings from the Adolescent Brain Cognitive Development Study.,Nagata JM; Lee CM; Hur JO; Baker FC,Current opinion in pediatrics,2025,"screen time, social media, video game, texting, screen use, media use",both,"both match: screen time, social media, video game, texting, screen use, media use",INCLUDE,AI,2026-03-24,
7,79,10.1016/j.chb.2025.108554,Elevated loss sensitivity in the reward circuit in adolescents with video game but not social media addiction,He X; Chen Y; Zhang W; & Li C-S R,Computers in Human Behavior,2025,"social media, video game",title,"title match: social media, video game",INCLUDE,AI,2026-03-24,
8,95,10.1093/sleepadvances/zpaf019,"Preliminary findings on caffeine intake, screen time, social factors, and psychological well-being: their impact on chronotype and sleep health in Hispanic adolescents.",Wallace AL; Aguinaldo L; Thomas ML; McCarthy MJ; Meruelo AD,Sleep advances : a journal of the Sleep Research Society,2025,screen time,both,both match: screen time,INCLUDE,AI,2026-03-24,
9,119,10.1111/apa.70051,Cyberbullying Victimisation Was Associated With Greater Manic Symptoms in Early Adolescence: A Prospective Cohort Study.,Nagata JM; Zamora G; Wong JH; Al-Shoaibi AAA; Ganson KT; Testa A; He J; Lavender JM; Baker FC,"Acta paediatrica (Oslo, Norway : 1992)",2025,screen time,abstract,abstract match: screen time,INCLUDE,AI,2026-03-24,
10,134,10.1038/s41598-025-88398-2,Neurocognitive and brain structure correlates of reading and television habits in early adolescence.,Rauschecker AM; Nedelec P; Pan S; Olaru M; Nillo RM; Palmer CE; Pecheva D; Dale AM; Jernigan TL; Sugrue LP,Scientific reports,2025,television,both,both match: television,INCLUDE,AI,2026-03-24,
11,137,10.1007/s00127-025-02814-6,Screen time and manic symptoms in early adolescents: prospective findings from the Adolescent Brain Cognitive Development Study.,Nagata JM; Zamora G; Al-Shoaibi AAA; Lavender JM; Ganson KT; Testa A; He J; Baker FC,Social psychiatry and psychiatric epidemiology,2025,"screen time, social media, video game, texting, problematic screen, screen use, media use",both,"both match: screen time, social media, video game, texting, problematic screen, screen use, media use",INCLUDE,AI,2026-03-24,
12,149,10.1186/s12887-024-05367-w,Associations between media parenting practices and early adolescent consumption of R-rated movies and mature-rated video games.,Nagata JM; Li K; Sui SS; Talebloo J; Otmar CD; Shao IY; Kiss O; Ganson KT; Testa A; He J; Baker FC,BMC pediatrics,2025,"screen time, video game, screen use",both,"both match: screen time, video game, screen use",INCLUDE,AI,2026-03-24,
13,172,10.1016/j.acap.2025.102784,Prevalence and Patterns of Social Media Use in Early Adolescents.,Nagata JM; Memon Z; Talebloo J; Karen Li MPH; Low P; Shao IY; Ganson KT; Testa A; He J; Brindis CD; Baker FC,Academic pediatrics,2025,"social media, media use",both,"both match: social media, media use",INCLUDE,AI,2026-03-24,
14,176,10.1037/ccp0000912,Evaluating hypothetical prevention strategies for internalizing symptoms in the general population and at-risk children.,Dall'Aglio L; Labrecque JA; Schuurmans I; Zhang Y; Creasey N; Wilson M; Kennedy CJ; Muetzel RL; Smoller JW; Tiemeier H; Choi KW,Journal of consulting and clinical psychology,2025,screen time,abstract,abstract match: screen time,INCLUDE,AI,2026-03-24,
15,185,10.1111/ejn.16662,Responsible Use of Population Neuroscience Data in the ABCD: Towards Standards of Accountability and Integrity.,Brown SA; Garavan H; Jernigan TL; Tapert SF; Huber RS; Lopez D; Murray T; Dowling G; Hoffman EA; Uddin LQ,The European journal of neuroscience,2025,social media,abstract,abstract match: social media,INCLUDE,AI,2026-03-24,
16,196, https://doi.org/10.1177/00111287241305057,Traumatic Stress Exposure as a Predictor of Dual Systems Model Development: Examining Deviant Peer Association as a Social Mediating Mechanism,Wojciechowski TW,Crime & Delinquency,2024,social media,title,title match: social media,INCLUDE,AI,2026-03-24,
17,203,10.1556/2006.2024.00068,The longitudinal association between reward processing and symptoms of video game addiction in the Adolescent Brain Cognitive Development Study.,Lopez DA; Foxe JJ; van Wijngaarden E; Thompson WK; Freedman EG,Journal of behavioral addictions,2024,"video game, gaming",both,"both match: video game, gaming",INCLUDE,AI,2026-03-24,
18,223,10.1002/oby.24199,Concurrent and prospective associations of social media usage with binge eating symptoms in early adolescence.,Shi X; Duck SA; Jansen E; Borsarini B; Blackwell CK; Li Y; Carnell S,"Obesity (Silver Spring, Md.)",2024,social media,both,both match: social media,INCLUDE,AI,2026-03-24,
19,235,10.1016/j.drugalcdep.2024.112504,Prospective association between screen use modalities and substance use experimentation in early adolescents.,Nagata JM; Shim J; Low P; Ganson KT; Testa A; He J; Santos GM; Brindis CD; Baker FC; Shao IY,Drug and alcohol dependence,2024,"screen time, social media, video game, texting, screen use, television, media use",both,"both match: screen time, social media, video game, texting, screen use, television, media use",INCLUDE,AI,2026-03-24,
20,243,10.1016/j.addbeh.2024.108211,"Mobile phone ownership, social media use, and substance use at ages 11-13 in the ABCD study.",Doran N; Wade NE; Courtney KE; Sullivan RM; Jacobus J,Addictive behaviors,2024,"social media, mobile phone, media use",both,"both match: social media, mobile phone, media use",INCLUDE,AI,2026-03-24,
21,244,10.1080/08927936.2024.2406097,Pet Ownership and Family Involvement in Sports and Other Activities.,Halbreich ED; Van Allen J,Anthrozoos,2024,screen time,abstract,abstract match: screen time,INCLUDE,AI,2026-03-24,
22,266,10.1016/j.dcn.2024.101466,Responsible use of population neuroscience data: Towards standards of accountability and integrity.,Brown SA; Garavan H; Jernigan TL; Tapert SF; Huber RS; Lopez D; Murray T; Dowling G; Hoffman EA; Uddin LQ,Developmental cognitive neuroscience,2024,social media,abstract,abstract match: social media,INCLUDE,AI,2026-03-24,
23,274,10.1093/sleep/zsae234,"Prospective associations between Sleep, Sensation-Seeking and Mature Screen Usage in Early Adolescents: Findings from the Adolescent Brain Cognitive Development (ABCD) Study.",Zhang L; Oshri A; Carvalho C; Uddin LQ; Geier C; Nagata JM; Cummins K; Hoffman EA; Tomko RL; Chaarani B; Squeglia LM; Wing D; Mason MJ; Fuemmeler B; Lisdahl K; Tapert SF; Baker FC; Kiss O,Sleep,2024,"video game, gaming",abstract,"abstract match: video game, gaming",INCLUDE,AI,2026-03-24,
24,283,10.1186/s12889-024-20102-x,Screen time and mental health: a prospective analysis of the Adolescent Brain Cognitive Development (ABCD) Study.,Nagata JM; Al-Shoaibi AAA; Leong AW; Zamora G; Testa A; Ganson KT; Baker FC,BMC public health,2024,"screen time, video game, texting, screen use",both,"both match: screen time, video game, texting, screen use",INCLUDE,AI,2026-03-24,
25,317,10.1007/s40519-024-01685-1,"Screen time, problematic screen use, and eating disorder symptoms among early adolescents: findings from the Adolescent Brain Cognitive Development (ABCD) Study.",Chu J; Ganson KT; Testa A; Al-Shoaibi AAA; Jackson DB; Rodgers RF; He J; Baker FC; Nagata JM,Eating and weight disorders : EWD,2024,"screen time, social media, mobile phone, problematic screen, screen use, media use",both,"both match: screen time, social media, mobile phone, problematic screen, screen use, media use",INCLUDE,AI,2026-03-24,
26,339,10.1016/j.jadohealth.2024.06.020,Longitudinal Use Patterns of Technology Subtypes During the Transition Into Early Adolescence: Results From the Adolescent Brain Cognitive Development Study.,Borodovsky JT; Squeglia LM; Mewton L; Marsch LA,The Journal of adolescent health : official publication of the Society for Adolescent Medicine,2024,"social media, video game, texting",abstract,"abstract match: social media, video game, texting",INCLUDE,AI,2026-03-24,
27,351,10.1038/s41598-024-68467-8,Passively sensing smartphone use in teens with rates of use by sex and across operating systems.,Alexander JD; Linkersdörfer J; Toda-Thorne K; Sullivan RM; Cummins KM; Tomko RL; Allen NB; Bagot KS; Baker FC; Fuemmeler BF; Hoffman EA; Kiss O; Mason MJ; Nguyen-Louie TT; Tapert SF; Smith CJ; Squeglia LM; Wade NE,Scientific reports,2024,"social media, smartphone, texting",both,"both match: social media, smartphone, texting",INCLUDE,AI,2026-03-24,
28,364,10.1111/apa.17349,Family conflict and less parental monitoring were associated with greater screen time in early adolescence.,Al-Shoaibi AAA; Zamora G; Chu J; Patel KP; Ganson KT; Testa A; Jackson DB; Tapert SF; Baker FC; Nagata JM,"Acta paediatrica (Oslo, Norway : 1992)",2024,"screen time, video game, television",both,"both match: screen time, video game, television",INCLUDE,AI,2026-03-24,
29,378,10.1016/j.jadohealth.2024.06.006,Bedtime Screen Use Behaviors and Sleep Outcomes in Early Adolescents: A Prospective Cohort Study.,Nagata JM; Cheng CM; Shim J; Kiss O; Ganson KT; Testa A; He J; Baker FC,The Journal of adolescent health : official publication of the Society for Adolescent Medicine,2024,"social media, texting, screen use, television",both,"both match: social media, texting, screen use, television",INCLUDE,AI,2026-03-24,
30,400,10.1016/j.comppsych.2024.152509,Pixels and perception: Mapping the association between digital media and psychotic-like experiences in adolescents.,Hein K; Zarate D; Burleigh T; Stavropoulos V,Comprehensive psychiatry,2024,"social media, video game, texting, digital media",both,"both match: social media, video game, texting, digital media",INCLUDE,AI,2026-03-24,
31,408,10.1038/s41598-024-63566-y,Long-term impact of digital media on brain development in children.,Nivins S; Sauce B; Liebherr M; Judd N; Klingberg T,Scientific reports,2024,"screen time, social media, video game, digital media, television, media use",both,"both match: screen time, social media, video game, digital media, television, media use",INCLUDE,AI,2026-03-24,
32,409,10.1038/s41390-024-03243-y,Associations between media parenting practices and early adolescent screen use.,Nagata JM; Paul A; Yen F; Smith-Russack Z; Shao IY; Al-Shoaibi AAA; Ganson KT; Testa A; Kiss O; He J; Baker FC,Pediatric research,2024,"screen time, social media, mobile phone, video game, problematic screen, screen use, media use",both,"both match: screen time, social media, mobile phone, video game, problematic screen, screen use, media use",INCLUDE,AI,2026-03-24,
33,434,10.1186/s12889-024-18790-6,Association of physical activity and screen time with cardiovascular disease risk in the Adolescent Brain Cognitive Development Study.,Nagata JM; Weinstein S; Alsamman S; Lee CM; Dooley EE; Ganson KT; Testa A; Gooding HC; Kiss O; Baker FC; Pettee Gabriel K,BMC public health,2024,screen time,both,both match: screen time,INCLUDE,AI,2026-03-24,
34,447,10.1016/j.annepidem.2024.04.013,Screen use in transgender and gender-questioning adolescents: Findings from the Adolescent Brain Cognitive Development (ABCD) Study.,Nagata JM; Balasubramanian P; Iyra P; Ganson KT; Testa A; He J; Glidden DV; Baker FC,Annals of epidemiology,2024,"screen time, social media, mobile phone, video game, texting, problematic screen, screen use, television",both,"both match: screen time, social media, mobile phone, video game, texting, problematic screen, screen use, television",INCLUDE,AI,2026-03-24,
35,451,10.1007/s00127-024-02669-3,"Childhood internalizing, externalizing and attention symptoms predict changes in social and nonsocial screen time.",Keyes K; Hamilton A; Finsaas M; Kreski N,Social psychiatry and psychiatric epidemiology,2024,"screen time, social media, digital media, media use",both,"both match: screen time, social media, digital media, media use",INCLUDE,AI,2026-03-24,
36,452,10.1016/j.dcn.2024.101388,NowIKnowMyABCD: A global resource hub for researchers using data from the ABCD Study.,Ali SA; McCann CF; Thieu MK; Whitmore LB; Laird AR,Developmental cognitive neuroscience,2024,social media,abstract,abstract match: social media,INCLUDE,AI,2026-03-24,
37,455,10.1556/2006.2024.00016,"Screen time, sleep, brain structural neurobiology, and sequential associations with child and adolescent psychopathology: Insights from the ABCD study.",Zhao Y; Paulus MP; Tapert SF; Bagot KS; Constable RT; Yaggi HK; Redeker NS; Potenza MN,Journal of behavioral addictions,2024,screen time,both,both match: screen time,INCLUDE,AI,2026-03-24,
38,457,10.1038/s44277-024-00006-9,Probing the digital exposome: associations of social media use patterns with youth mental health.,Pagliaccio D; Tran KT; Visoki E; DiDomenico GE; Auerbach RP; Barzilay R,NPP - digital psychiatry and neuroscience,2024,"social media, media use",both,"both match: social media, media use",INCLUDE,AI,2026-03-24,
39,477,10.1186/s12966-024-01587-6,"Longitudinal associations of screen time, physical activity, and sleep duration with body mass index in U.S. youth.",Zink J; Booker R; Wolff-Hughes DL; Allen NB; Carnethon MR; Alexandria SJ; Berrigan D,The international journal of behavioral nutrition and physical activity,2024,"screen time, gaming",both,"both match: screen time, gaming",INCLUDE,AI,2026-03-24,
40,526,10.1002/eat.24169,Prospective association of screen time with binge-eating disorder among adolescents in the United States: The mediating role of depression.,Al-Shoaibi AAA; Shao IY; Ganson KT; Lavender JM; Testa A; Kiss O; He J; Glidden DV; Baker FC; Nagata JM,The International journal of eating disorders,2024,"screen time, screen use",both,"both match: screen time, screen use",INCLUDE,AI,2026-03-24,
41,532,10.1080/10826084.2024.2310501,Social Media Use and Alcohol Sipping in Early Adolescents: A Prospective Cohort Study.,Nagata JM; Sajjad OM; Smith N; Zamora G; Dhama S; Al-Shoaibi AAA; Ganson KT; Testa A; Moreno MA; Kiss O; Baker FC; Jackson DB,Substance use & misuse,2024,"social media, media use",both,"both match: social media, media use",INCLUDE,AI,2026-03-24,
42,545,10.1016/j.acap.2024.01.023,Associations of contemporary screen time modalities with early adolescent nutrition.,Nagata JM; Weinstein S; Bashir A; Lee S; Al-Shoaibi AAA; Shao IY; Ganson KT; Testa A; He J; Garber AK,Academic pediatrics,2024,"screen time, social media, video game, texting, television",both,"both match: screen time, social media, video game, texting, television",INCLUDE,AI,2026-03-24,
43,569,10.1002/advs.202307540,"Causal Relationships Between Screen Use, Reading, and Brain Development in Early Adolescents.",Li M; Zhao R; Dang X; Xu X; Chen R; Chen Y; Zhang Y; Zhao Z; Wu D,"Advanced science (Weinheim, Baden-Wurttemberg, Germany)",2024,"screen use, media use",both,"both match: screen use, media use",INCLUDE,AI,2026-03-24,
44,596,10.1037/hea0001351,Leveraging the adolescent brain cognitive development study to advance and promote adolescent health: Introduction to the special issue.,Sanchez M; Feldstein Ewing SW; Luciana M,"Health psychology : official journal of the Division of Health Psychology, American Psychological Association",2023,screen time,abstract,abstract match: screen time,INCLUDE,AI,2026-03-24,
45,616,10.1001/jamanetworkopen.2023.41502,Shared Genetic Risk in the Association of Screen Time With Psychiatric Problems in Children.,Zhang Y; Choi KW; Delaney SW; Ge T; Pingault JB; Tiemeier H,JAMA network open,2023,"screen time, television",both,"both match: screen time, television",INCLUDE,AI,2026-03-24,
46,630,10.1016/j.jadohealth.2023.09.001,"Examining the Bidirectional Associations Between Sleep Duration, Screen Time, and Internalizing Symptoms in the ABCD Study",Zink J; O'Connor SG; Blachman-Demner DR; Wolff-Hughes DL; Berrigan D,J Adolesc Health,2023,screen time,both,both match: screen time,INCLUDE,AI,2026-03-24,
47,637,10.3390/brainsci13101452,"Screen Media Use Affects Subcortical Structures, Resting-State Functional Connectivity, and Mental Health Problems in Early Adolescence.",He X; Hu J; Yin M; Zhang W; Qiu B,Brain sciences,2023,"social media, video game, media use",both,"both match: social media, video game, media use",INCLUDE,AI,2026-03-24,
48,641,10.1016/j.jadohealth.2023.08.033,"Risk Assessment of Maladaptive Behaviors in Adolescents: Nutrition, Screen Time, Prenatal Exposure, Childhood Adversities - Adolescent Brain Cognitive Development Study.",Agarwal K; Manza P; Tejeda HA; Courville AB; Volkow ND; Joseph PV,The Journal of adolescent health : official publication of the Society for Adolescent Medicine,2023,screen time,both,both match: screen time,INCLUDE,AI,2026-03-24,
49,658,10.1016/j.pmedr.2023.102428,Identification and characterization of screen use trajectories from late childhood to adolescence in a US-population based cohort study.,Shao IY; Yang J; Ganson KT; Baker FC; Nagata JM,Preventive medicine reports,2023,screen use,both,both match: screen use,INCLUDE,AI,2026-03-24,
50,670,10.1037/hea0001248,Longitudinal relationships between lifestyle risk factors and neurodevelopment in early adolescence.,Mewton L; Davies S; Sunderland M; Champion K; Hoy N; Newton N; Teesson M; Squeglia LM,"Health psychology : official journal of the Division of Health Psychology, American Psychological Association",2023,screen time,abstract,abstract match: screen time,INCLUDE,AI,2026-03-24,
51,700,10.3389/fped.2023.1198033,Passive and social screen time in children with autism and in association with obesity.,Must A; Eliasziw M; Stanish H; Curtin C; Bandini LG; Bowling A,Frontiers in pediatrics,2023,"screen time, social media, video game, texting, screen use, television, media use",both,"both match: screen time, social media, video game, texting, screen use, television, media use",INCLUDE,AI,2026-03-24,
52,715,10.1038/s41398-023-02502-6,Generalizable prediction of childhood ADHD symptoms from neurocognitive testing and youth characteristics.,Weigard A; McCurry KL; Shapiro Z; Martz ME; Angstadt M; Heitzeg MM; Dinov ID; Sripada C,Translational psychiatry,2023,screen time,abstract,abstract match: screen time,INCLUDE,AI,2026-03-24,
53,718,10.1186/s12889-023-16111-x,Associations between adverse childhood experiences and early adolescent problematic screen use in the United States.,Raney JH; Al-Shoaibi AA; Ganson KT; Testa A; Jackson DB; Singh G; Sajjad OM; Nagata JM,BMC public health,2023,"social media, mobile phone, video game, problematic screen, screen use, media use",both,"both match: social media, mobile phone, video game, problematic screen, screen use, media use",INCLUDE,AI,2026-03-24,
54,776,10.1016/j.sleh.2023.02.005,Bedtime screen use behaviors and sleep outcomes: Findings from the Adolescent Brain Cognitive Development (ABCD) Study.,Nagata JM; Singh G; Yang JH; Smith N; Kiss O; Ganson KT; Testa A; Jackson DB; Baker FC,Sleep health,2023,"screen time, social media, video game, texting, screen use, television",both,"both match: screen time, social media, video game, texting, screen use, television",INCLUDE,AI,2026-03-24,
55,796,10.1037/hea0001251,Effects of the COVID-19 pandemic on screen time and sleep in early adolescents.,Kiss O; Nagata JM; de Zambotti M; Dick AS; Marshall AT; Sowell ER; Van Rinsveld A; Guillaume M; Pelham WE; Gonzalez MR; Brown SA; Dowling GJ; Lisdahl KM; Tapert SF; Baker FC,"Health psychology : official journal of the Division of Health Psychology, American Psychological Association",2023,"screen time, social media, gaming, screen use, media use",both,"both match: screen time, social media, gaming, screen use, media use",INCLUDE,AI,2026-03-24,
56,799,10.1016/j.annepidem.2023.03.004,Associations between sexual orientation and early adolescent screen use: findings from the Adolescent Brain Cognitive Development (ABCD) Study.,Nagata JM; Lee CM; Yang J; Al-Shoaibi AAA; Ganson KT; Testa A; Jackson DB,Annals of epidemiology,2023,"screen time, social media, mobile phone, video game, texting, problematic screen, screen use, television",both,"both match: screen time, social media, mobile phone, video game, texting, problematic screen, screen use, television",INCLUDE,AI,2026-03-24,
57,803,10.1016/j.jaac.2023.02.014,Youth Screen Media Activity Patterns and Associations With Behavioral Developmental Measures and Resting-state Brain Functional Connectivity.,Song K; Zhang JL; Zhou N; Fu Y; Zou B; Xu LX; Wang Z; Li X; Zhao Y; Potenza M; Fang X; Zhang JT,Journal of the American Academy of Child and Adolescent Psychiatry,2023,screen time,abstract,abstract match: screen time,INCLUDE,AI,2026-03-24,
58,826,10.1186/s12889-023-15298-3,Problematic social media use and alcohol expectancies in early adolescents.,Nagata JM; Smith N; Zamora G; Sajjad OM; Ganson KT; Testa A; Jackson DB,BMC public health,2023,"social media, media use",both,"both match: social media, media use",INCLUDE,AI,2026-03-24,
59,839,10.1016/j.ypmed.2023.107452,Screen time and suicidal behaviors among U.S. children 9-11 years old: A prospective cohort study.,Chu J; Ganson KT; Baker FC; Testa A; Jackson DB; Murray SB; Nagata JM,Preventive medicine,2023,"screen time, video game, texting",both,"both match: screen time, video game, texting",INCLUDE,AI,2026-03-24,
60,844,10.1016/j.dcn.2023.101218,Negative impact of daily screen use on inhibitory control network in preadolescence: A two-year follow-up study.,Chen YY; Yim H; Lee TH,Developmental cognitive neuroscience,2023,"screen time, screen use",both,"both match: screen time, screen use",INCLUDE,AI,2026-03-24,
61,857,10.1001/jamanetworkopen.2022.55466,Association of Physical Activity and Screen Time With Body Mass Index Among US Adolescents.,Nagata JM; Smith N; Alsamman S; Lee CM; Dooley EE; Kiss O; Ganson KT; Wing D; Baker FC; Gabriel KP,JAMA network open,2023,"screen time, screen use",both,"both match: screen time, screen use",INCLUDE,AI,2026-03-24,
62,879,10.1016/j.acap.2022.12.007,Cyberbullying and Sleep Disturbance Among Early Adolescents in the U.S.,Nagata JM; Yang JH; Singh G; Kiss O; Ganson KT; Testa A; Jackson DB; Baker FC,Academic pediatrics,2022,"screen time, digital media",abstract,"abstract match: screen time, digital media",INCLUDE,AI,2026-03-24,
63,889,10.1016/j.jadohealth.2022.10.019,Adherence to 24-Hour Movement Recommendations and Health Indicators in Early Adolescence: Cross-Sectional and Longitudinal Associations in the Adolescent Brain Cognitive Development Study.,Fung H; Yeo BTT; Chen C; Lo JC; Chee MWL; Ong JL,The Journal of adolescent health : official publication of the Society for Adolescent Medicine,2022,screen time,abstract,abstract match: screen time,INCLUDE,AI,2026-03-24,
64,892,10.1016/j.jadohealth.2022.10.023,Screen Time and Obsessive-Compulsive Disorder Among Children 9-10 Years Old: A Prospective Cohort Study.,Nagata JM; Chu J; Zamora G; Ganson KT; Testa A; Jackson DB; Costello CR; Murray SB; Baker FC,The Journal of adolescent health : official publication of the Society for Adolescent Medicine,2022,"screen time, video game",both,"both match: screen time, video game",INCLUDE,AI,2026-03-24,
65,903,10.1002/jad.12124,Adverse childhood experiences and early adolescent cyberbullying in the United States.,Nagata JM; Trompeter N; Singh G; Raney J; Ganson KT; Testa A; Jackson DB; Murray SB; Baker FC,Journal of adolescence,2022,social media,abstract,abstract match: social media,INCLUDE,AI,2026-03-24,
66,944,10.1001/jamanetworkopen.2022.35721,Association of Video Gaming With Cognitive Performance Among Children.,Chaarani B; Ortigara J; Yuan D; Loso H; Potter A; Garavan HP,JAMA network open,2022,"screen time, video game, gaming",both,"both match: screen time, video game, gaming",INCLUDE,AI,2026-03-24,
67,961,10.1007/s11294-022-09854-7,Estimating Parental Demand for Children’s Screen Time in a Model of Family Labor Supply,Oh SE & Vukina T,International Advances in Economic Research,2022,screen time,title,title match: screen time,INCLUDE,AI,2026-03-24,
68,968,10.1016/j.dcn.2022.101150,Youth screen use in the ABCD® study.,Bagot KS; Tomko RL; Marshall AT; Hermann J; Cummins K; Ksinan A; Kakalis M; Breslin F; Lisdahl KM; Mason M; Redhead JN; Squeglia LM; Thompson WK; Wade T; Tapert SF; Fuemmeler BF; Baker FC,Developmental cognitive neuroscience,2022,"social media, video game, gaming, screen use, media use",both,"both match: social media, video game, gaming, screen use, media use",INCLUDE,AI,2026-03-24,
69,990,10.1111/jcpp.13673,Contemporary screen time modalities and disruptive behavior disorders in children: a prospective cohort study.,Nagata JM; Chu J; Ganson KT; Murray SB; Iyer P; Gabriel KP; Garber AK; Bibbins-Domingo K; Baker FC,"Journal of child psychology and psychiatry, and allied disciplines",2022,"screen time, social media, video game, texting, television",both,"both match: screen time, social media, video game, texting, television",INCLUDE,AI,2026-03-24,
70,996,10.1016/j.acap.2022.07.007,"Associations Between Adverse Childhood Experiences, Adolescent Screen Time and Physical Activity During the COVID-19 Pandemic.",Raney JH; Testa A; Jackson DB; Ganson KT; Nagata JM,Academic pediatrics,2022,screen time,both,both match: screen time,INCLUDE,AI,2026-03-24,
71,997,10.1016/j.acap.2022.07.003,Social Epidemiology of Early Adolescent Cyberbullying in the United States.,Nagata JM; Trompeter N; Singh G; Ganson KT; Testa A; Jackson DB; Assari S; Murray SB; Bibbins-Domingo K; Baker FC,Academic pediatrics,2022,"screen time, social media",abstract,"abstract match: screen time, social media",INCLUDE,AI,2026-03-24,
72,1001,10.1016/j.pmedr.2022.101900,COVID information and masking behaviors in U.S. adolescents: Findings from the Adolescent Brain Cognitive Development (ABCD) Study.,Nagata JM; Ganson KT; Liu J; Patel KP; Tai JC; Murray SB; Bibbins-Domingo K,Preventive medicine reports,2022,"social media, television",abstract,"abstract match: social media, television",INCLUDE,AI,2026-03-24,
73,1006,10.1038/s41390-022-02176-8,Social epidemiology of early adolescent problematic screen use in the United States.,Nagata JM; Singh G; Sajjad OM; Ganson KT; Testa A; Jackson DB; Assari S; Murray SB; Bibbins-Domingo K; Baker FC,Pediatric research,2022,"screen time, social media, mobile phone, video game, problematic screen, screen use, media use",both,"both match: screen time, social media, mobile phone, video game, problematic screen, screen use, media use",INCLUDE,AI,2026-03-24,
74,1027,10.1016/j.jad.2022.05.071,Associations between screen time and internalizing disorder diagnoses among 9- to 10-year-olds.,Roberston L; Twenge JM; Joiner TE; Cummins K,Journal of affective disorders,2022,"screen time, social media, video game, gaming, texting, digital media, media use",both,"both match: screen time, social media, video game, gaming, texting, digital media, media use",INCLUDE,AI,2026-03-24,
75,1032,10.1038/s41598-022-11341-2,The impact of digital media on children's intelligence while controlling for genetic differences in cognition and socioeconomic background.,Sauce B; Liebherr M; Judd N; Klingberg T,Scientific reports,2022,"screen time, gaming, digital media",both,"both match: screen time, gaming, digital media",INCLUDE,AI,2026-03-24,
76,1039,10.1016/j.ebiom.2022.104039,Longer screen time utilization is associated with the polygenic risk for Attention-deficit/hyperactivity disorder with mediation by brain white matter microstructure.,Yang A; Rolls ET; Dong G; Du J; Li Y; Feng J; Cheng W; Zhao XM,EBioMedicine,2022,screen time,both,both match: screen time,INCLUDE,AI,2026-03-24,
77,1051,10.1016/j.jaac.2022.03.025,"Understanding Associations Between Race/Ethnicity, Experiences of Discrimination, and Psychotic-like Experiences in Middle Childhood.",Karcher NR; Klaunig MJ; Elsayed NM; Taylor RL; Jay SY; Schiffman J,Journal of the American Academy of Child and Adolescent Psychiatry,2022,social media,abstract,abstract match: social media,INCLUDE,AI,2026-03-24,
78,1104,10.1111/apa.16253,Parental psychological problems were associated with higher screen time and the use of mature-rated media in children.,Pulkki-Råback L; Barnes JD; Elovainio M; Hakulinen C; Sourander A; Tremblay MS; Guerrero MD,"Acta paediatrica (Oslo, Norway : 1992)",2022,"screen time, social media, video game, gaming",both,"both match: screen time, social media, video game, gaming",INCLUDE,AI,2026-03-24,
79,1107,10.1016/j.jadohealth.2021.11.023,The Pandemic's Toll on Young Adolescents: Prevention and Intervention Targets to Preserve Their Mental Health.,Kiss O; Alzueta E; Yuksel D; Pohl KM; de Zambotti M; Műller-Oehring EM; Prouty D; Durley I; Pelham WE; McCabe CJ; Gonzalez MR; Brown SA; Wade NE; Marshall AT; Sowell ER; Breslin FJ; Lisdahl KM; Dick AS; Sheth CS; McCandliss BD; Guillaume M; Van Rinsveld AM; Dowling GJ; Tapert SF; Baker FC,The Journal of adolescent health : official publication of the Society for Adolescent Medicine,2022,screen time,abstract,abstract match: screen time,INCLUDE,AI,2026-03-24,
80,1125,10.1001/jamapediatrics.2021.4334,Screen Time Use Among US Adolescents During the COVID-19 Pandemic: Findings From the Adolescent Brain Cognitive Development (ABCD) Study.,Nagata JM; Cortez CA; Cattle CJ; Ganson KT; Iyer P; Bibbins-Domingo K; Baker FC,JAMA pediatrics,2022,"screen time, digital media, media use",both,"both match: screen time, digital media, media use",INCLUDE,AI,2026-03-24,
81,1133,10.1016/j.acap.2021.12.008,Parent-Adolescent Discrepancies in Adolescent Recreational Screen Time Reporting During the Coronavirus Disease 2019 Pandemic.,Nagata JM; Cortez CA; Iyer P; Ganson KT; Chu J; Conroy AA,Academic pediatrics,2021,"screen time, social media, gaming, texting, digital media, screen use, media use",both,"both match: screen time, social media, gaming, texting, digital media, screen use, media use",INCLUDE,AI,2026-03-24,
82,1171,10.2196/29426,Passive Sensing of Preteens' Smartphone Use: An Adolescent Brain Cognitive Development (ABCD) Cohort Substudy.,Wade NE; Ortigara JM; Sullivan RM; Tomko RL; Breslin FJ; Baker FC; Fuemmeler BF; Delrahim Howlett K; Lisdahl KM; Marshall AT; Mason MJ; Neale MC; Squeglia LM; Wolff-Hughes DL; Tapert SF; Bagot KS,JMIR mental health,2021,"social media, smartphone, gaming, screen use",both,"both match: social media, smartphone, gaming, screen use",INCLUDE,AI,2026-03-24,
83,1190,10.1371/journal.pone.0256591,"Screen time and early adolescent mental health, academic, and social outcomes in 9- and 10- year old children: Utilizing the Adolescent Brain Cognitive Development ℠ (ABCD) Study.",Paulich KN; Ross JM; Lessem JM; Hewitt JK,PloS one,2021,"screen time, media use",both,"both match: screen time, media use",INCLUDE,AI,2026-03-24,
84,1196,10.1016/j.jpeds.2021.08.077,Sociodemographic Correlates of Contemporary Screen Time Use among 9- and 10-Year-Old Children.,Nagata JM; Ganson KT; Iyer P; Chu J; Baker FC; Pettee Gabriel K; Garber AK; Murray SB; Bibbins-Domingo K,The Journal of pediatrics,2021,"screen time, video game, texting, screen use, television, media use",both,"both match: screen time, video game, texting, screen use, television, media use",INCLUDE,AI,2026-03-24,
85,1223,10.1111/ijpo.12827,Contemporary screen time usage among children 9-10-years-old is associated with higher body mass index percentile at 1-year follow-up: A prospective cohort study.,Nagata JM; Iyer P; Chu J; Baker FC; Gabriel KP; Garber AK; Murray SB; Bibbins-Domingo K; Ganson KT,Pediatric obesity,2021,"screen time, video game, texting",both,"both match: screen time, video game, texting",INCLUDE,AI,2026-03-24,
86,1271,10.1016/j.bpsc.2021.02.013,Identification and Validation of Distinct Latent Neurodevelopmental Profiles in the Adolescent Brain and Cognitive Development Study.,Lichenstein SD; Roos C; Kohler R; Kiluk B; Carroll KM; Worhunsky PD; Witkiewitz K; Yip SW,Biological psychiatry. Cognitive neuroscience and neuroimaging,2021,screen time,abstract,abstract match: screen time,INCLUDE,AI,2026-03-24,
87,1274,10.1002/eat.23489,Contemporary screen time modalities among children 9-10 years old and binge-eating disorder at one-year follow-up: A prospective cohort study.,Nagata JM; Iyer P; Chu J; Baker FC; Pettee Gabriel K; Garber AK; Murray SB; Bibbins-Domingo K; Ganson KT,The International journal of eating disorders,2021,"screen time, texting, television",both,"both match: screen time, texting, television",INCLUDE,AI,2026-03-24,
88,1294,10.3390/ijerph18020699,Typologies of Family Functioning and 24-h Movement Behaviors.,Guerrero MD; Barnes JD; Tremblay MS; Pulkki-Råback L,International journal of environmental research and public health,2021,screen time,abstract,abstract match: screen time,INCLUDE,AI,2026-03-24,
89,1311,10.3390/info11110538,American Children's Screen Time: Diminished Returns of Household Income in Black Families.,Assari S,Information (Basel),2020,screen time,both,both match: screen time,INCLUDE,AI,2026-03-24,
90,1324,10.1016/j.jadohealth.2020.09.003,24-Hour Movement Behaviors and Internalizing and Externalizing Behaviors Among Youth.,Sampasa-Kanyinga H; Colman I; Goldfield GS; Janssen I; Wang J; Tremblay MS; Barnes JD; Walsh JJ; Chaput JP,The Journal of adolescent health : official publication of the Society for Adolescent Medicine,2020,screen time,abstract,abstract match: screen time,INCLUDE,AI,2026-03-24,
91,1331,10.1007/s10802-020-00703-x,Unpacking Associations between Mood Symptoms and Screen Time in Preadolescents: a Network Analysis.,Lin SY; Eaton NR; Schleider JL,Journal of abnormal child psychology,2020,screen time,both,both match: screen time,INCLUDE,AI,2026-03-24,
92,1339,10.1016/j.sleh.2020.07.002,Screen media use and sleep disturbance symptom severity in children.,Hisler GC; Hasler BP; Franzen PL; Clark DB; Twenge JM,Sleep health,2020,"social media, video game, texting, screen use, media use",both,"both match: social media, video game, texting, screen use, media use",INCLUDE,AI,2026-03-24,
93,1379,10.1016/S2215-0366(20)30049-3,Risk and protective factors for childhood suicidality: a US population-based study.,Janiri D; Doucet GE; Pompili M; Sani G; Luna B; Brent DA; Frangou S,The lancet. Psychiatry,2020,screen use,abstract,abstract match: screen use,INCLUDE,AI,2026-03-24,
94,1382,10.1016/j.jadohealth.2019.12.005,Sleep Disturbance Predicts Depression Symptoms in Early Adolescence: Initial Findings From the Adolescent Brain Cognitive Development Study.,Goldstone A; Javitz HS; Claudatos SA; Buysse DJ; Hasler BP; de Zambotti M; Clark DB; Franzen PL; Prouty DE; Colrain IM; Baker FC,The Journal of adolescent health : official publication of the Society for Adolescent Medicine,2020,screen time,abstract,abstract match: screen time,INCLUDE,AI,2026-03-24,
95,1392,10.1007/s10578-019-00892-7,Differential Relationships of Child Anxiety and Depression to Child Report and Parent Report of Electronic Media Use.,Fors PQ; Barch DM,Child psychiatry and human development,2019,"gaming, media use",both,"both match: gaming, media use",INCLUDE,AI,2026-03-24,
96,1394,10.1186/s12966-019-0862-x,Screen time and problem behaviors in children: exploring the mediating role of sleep duration.,Guerrero MD; Barnes JD; Chaput JP; Tremblay MS,The international journal of behavioral nutrition and physical activity,2019,"screen time, social media, video game, television",both,"both match: screen time, social media, video game, television",INCLUDE,AI,2026-03-24,
97,1403,10.1542/peds.2019-0187,24-Hour Movement Behaviors and Impulsivity.,Guerrero MD; Barnes JD; Walsh JJ; Chaput JP; Tremblay MS; Goldfield GS,Pediatrics,2019,screen time,abstract,abstract match: screen time,INCLUDE,AI,2026-03-24,
98,1405,10.1017/S0033291719001545,"Demographic, psychological, behavioral, and cognitive correlates of BMI in youth: Findings from the Adolescent Brain Cognitive Development (ABCD) study.",Gray JC; Schvey NA; Tanofsky-Kraff M,Psychological medicine,2019,screen time,abstract,abstract match: screen time,INCLUDE,AI,2026-03-24,
99,1419,10.1016/j.neuroimage.2018.10.040,Screen media activity and brain structure in youth: Evidence for diverse structural correlation networks from the ABCD study.,Paulus MP; Squeglia LM; Bagot K; Jacobus J; Kuplicki R; Breslin FJ; Bodurka J; Morris AS; Thompson WK; Bartsch H; Tapert SF,NeuroImage,2018,"social media, video game, television",abstract,"abstract match: social media, video game, television",INCLUDE,AI,2026-03-24,
100,1420,10.1016/S2352-4642(18)30278-5,Associations between 24 hour movement behaviours and global cognition in US children: a cross-sectional observational study.,Walsh JJ; Barnes JD; Cameron JD; Goldfield GS; Chaput JP; Gunnell KE; Ledoux AA; Zemek RL; Tremblay MS,The Lancet. Child & adolescent health,2018,screen time,abstract,abstract match: screen time,INCLUDE,AI,2026-03-24,
101,1428,10.1016/j.dcn.2018.03.008,"Current, future and potential use of mobile and wearable technologies and social media data in the ABCD study to increase understanding of contributors to child health.",Bagot KS; Matthews SA; Mason M; Squeglia LM; Fowler J; Gray K; Herting M; May A; Colrain I; Godino J; Tapert S; Brown S; Patrick K,Developmental cognitive neuroscience,2018,social media,title,title match: social media,INCLUDE,AI,2026-03-24,
