paper_id,doi,title,first_author,year,journal,has_pdf,C1_decision,C1_reason,C1_exclusion_code,C2_decision,C2_reason,C2_exclusion_code,resolver_decision,resolver_reason
431,10.1542/peds.2025-072941,"Smartphone Ownership, Age of Smartphone Acquisition, and Health Outcomes in Early Adolescence.","Barzilay, Ran",2026,Pediatrics,1,INCLUDE,"Smartphone ownership and age of acquisition are focal predictors; tests associations with depression, obesity, and insufficient sleep. ""smartphone ownership at age 12 was linked to higher risk for depression and insufficient sleep. Additionally, acquiring smartphones at younger ages correlated with obesity and sleep problems."" ""In Analysis 1, we tested the association of smartphone ownership (exposure 1) with health outcomes (depression, obesity, insufficient sleep) at the 2-year follow-up assessment (N=10,588)."" ""In Analysis 3...we then examined whether acquiring a smartphone by the 3-year follow-up (exposure 3) was associated with health outcomes measured at that same 3-year follow-up.""",,,,,,
122,10.1016/j.jaacop.2025.11.011,Developmental Pathways From Childhood Neurodevelopmental Traits to Early Adolescent Psychiatric Dimensions: The Role of Environmental and Lifestyle Factors.,"Caserini, Chiara",2026,JAACAP open,1,INCLUDE,"Screen use (social media, passive watching, active gaming, social engagement) is tested as a mediator of neurodevelopmental traits → psychiatric outcomes. Mediation is a focal analytic role per FT-IC1. ""we tested the role of putative environmental and lifestyle factors (parental warmth, parental monitoring, family conflict, school involvement, negative life events, neighborhood safety, sleep problems, physical activity, diet, screen use) as mediators of these longitudinal associations."" ""measures of screen use showed nonsignificant mediating effects when controlling for baseline screen use and mental health...This suggests that screen use is unlikely to lead to poor mental health outcomes in youth with neurodevelopmental traits."" Screen use is explicitly modeled as a pathway variable linking neurodevelopmental traits to psychiatric dimensions — the null mediation result is still a tested association.",,,,,,
306,10.1111/jcpp.14179,Trajectories of psychotic-like experiences in youth and associations with lifestyle factors.,"Cooper, Rebecca",2026,"Journal of child psychology and psychiatry, and allied disciplines",0,UNSURE,PDF not obtainable or corrupt file — needs re-download before review.,,UNSURE,PDF unavailable for independent review,NO_PDF,,
433,10.1542/peds.2025-073891,Sociodemographic Associations With Early Smartphone Ownership in US Adolescents,Cory Alika Carvalho,2026,PEDIATRICS,1,INCLUDE,"Smartphone ownership age is the outcome; sociodemographic factors predict early ownership. ""We estimated a cross-sectional multivariable logistic regression model to examine associations between key sociodemographic predictors and first smartphone ownership age."" ""Early smartphone ownership (<10 years old) was modeled as a binary outcome."" ""adjusted odds of early ownership were highest for Black (OR = 3.01; 95% CI, 2.50-3.64)...Youth living with a single parent (OR = 2.09; 95% CI, 1.77-2.46).""",,,,,,
123,10.1016/j.jaacop.2026.02.003,Social Media Usage and Its Association With the Social Media Addiction Scale Among Early Adolescents,Jacob C. Hermann,2026,JAACAP Open,0,UNSURE,Previously INCLUDE but PDF was wrong/corrupt. Needs re-download and re-review.,,UNSURE,PDF unavailable for independent review.,NO_PDF,,
397,10.1186/s12889-026-26756-z,Higher recreational screen time and lower step count are associated with higher cardiovascular disease risk in early adolescence,Jason M. Nagata,2026,BMC Public Health,1,INCLUDE,"Screen time is a focal predictor; tests dose-response associations with cardiovascular risk factors (BP, cholesterol, HbA1c). ""high screen time (> 8 h/day) was associated with a 4.25-point increase in diastolic blood pressure percentile (95% CI 1.85 to 6.65)."" ""Both high screen time (ARR 1.88, 95% CI 1.42 to 2.56) and low step count (ARR 2.35, 95% CI 1.88-2.94) were associated with increased risk of hypertensive-range blood pressure."" ""High screen time and low step count were associated with higher non-HDL cholesterol.""",,,,,,
314,10.1111/jsr.70325,Neural Sensitivity to Social Media Use: Implications for Sleep Duration in Adolescents.,"Kiss, Orsolya",2026,Journal of sleep research,0,,,,UNSURE,PDF unavailable for independent review.,NO_PDF,,
380,10.1177/10445463251415488,Prevalence and Correlates of Emotion Dysregulation in Children: Results from the ABCD Study.,"Koleilat, Rawan",2026,Journal of child and adolescent psychopharmacology,0,,,,UNSURE,PDF unavailable for independent review.,NO_PDF,,
534,10.3389/fpsyt.2026.1756782,ADHD and gaming addiction in adolescents: psychosocial mediators in the adolescent brain cognitive development study.,"Lopez, Daniel A",2026,Frontiers in psychiatry,1,INCLUDE,"Gaming addiction (VGAQ) is a focal outcome; tests longitudinal association with ADHD diagnosis and psychosocial mediators. ""Children with ADHD had significantly higher VGAQ scores over time, with an average increase of 1.3 points (p < 0.001)."" ""The mediation model identified three significant psychosocial mediators: prosocial peer involvement (7.4% of the total effect), school involvement (5.8%), and family conflict (5.1%)."" ""Higher family conflict at year 3 predicted higher VGAQ scores at year 4 (p = 0.003).""",,,,,,
2,10.1001/jama.2025.23235,Smartphone Use During School Hours by US Youth in the Adolescent Brain Cognitive Development Study.,"Nagata, Jason M",2026,JAMA,1,EXCLUDE,"Purely descriptive study of smartphone use during school hours. Reports adjusted means of time on app categories by demographic group and problematic-use tertile, but no regression model tests an association between screen use and any substantive outcome. ""The EARS app captures three weeks of passive sensing data on smartphone use...Adjusted means were calculated using the emmeans package."" Supplement shows categorization of 2,844 apps and stratification by problematic use tertiles, but no beta coefficients, no association tests between smartphone use and health/behavioral/cognitive outcomes.",FT-EC3,,,,,
36,10.1002/oby.70181,Associations of Screen Time and Physical Activity With Body Mass Index in Early Adolescence: A Prospective Cohort Study.,"Nagata, Jason M",2026,"Obesity (Silver Spring, Md.)",1,INCLUDE,"Screen time is focal independent variable predicting BMI/overweight-obesity prospectively. ""high screen time (>8h/day) was associated with higher risk of overweight/obesity (RR, 1.09; 95% CI, 1.02–1.16; p=0.013)""",,,,,,
67,10.1007/s12519-025-01009-y,Prospective associations between media parenting practices and adolescent video game use.,"Nagata, Jason M",2026,World journal of pediatrics : WJP,1,INCLUDE,"Video game use is a focal outcome; media parenting practices are predictors tested prospectively over 1-2 years. ""Higher parental screen time modeling, mealtime screen use and bedroom screen use were associated with higher odds of playing mature-rated video games."" ""Greater screen time limits were associated with lower odds of reporting mature-rated video games (AOR 0.90, 95% CI 0.86, 0.95)."" ""Greater use of screens to control behavior was associated with greater problematic video game use (B 0.03, 95% CI 0.02, 0.05)."" ""Higher mealtime screen use was associated with greater time spent playing video games (B 0.17, 95% CI 0.11, 0.23).""",,,,,,
83,10.1016/j.acap.2025.103164,Neighborhood Quality and Screen Use: Findings From the Adolescent Brain Cognitive Development Study.,"Nagata, Jason M",2026,Academic pediatrics,0,UNSURE,PDF not obtainable or corrupt file — needs re-download before review.,,UNSURE,PDF unavailable for independent review.,NO_PDF,,
86,10.1016/j.amepre.2025.108248,"Prospective Associations Between Early Adolescent Problematic Screen Use, Mental Health, Sleep, and Substance Use.","Nagata, Jason M",2026,American journal of preventive medicine,1,INCLUDE,"Problematic screen use (SMAQ, VGAQ, MPIQ) is the primary predictor of CBCL mental health, suicidal behaviors, sleep disturbance, and substance initiation. ""Associations between problematic screen use and mental and behavioral health outcomes were determined using either linear or logistic regression analyses."" ""Problematic mobile phone use and social media use were prospectively associated with higher depressive, somatic, attention/deficit, oppositional defiant, and conduct problems scores; suicidal behaviors; sleep disturbance; and substance initiation.""",,,,,,
144,10.1016/j.lana.2026.101454,Associations of adolescent social media use trajectories with spatial and verbal memory: a prospective cohort study.,"Nagata, Jason M",2026,Lancet regional health. Americas,1,INCLUDE,"Social media use trajectories predict cognitive performance (LMT, RAVLT). ""Linear regression models estimated the association between social media time trajectories and cognitive functioning at Year 2."" ""High and increasing social media use was associated with lower accuracy on the LMT (B: -0.03; 95% CI: -0.05, -0.01) and lower performance on the RAVLT Initial Trials (B: -1.90; 95% CI: -2.76, -1.04).""",,,,,,
150,10.1016/j.neuroimage.2026.121860,Social media use and early adolescent brain structure: Findings from the Adolescent Brain Cognitive Development (ABCD) Study.,"Nagata, Jason M",2026,NeuroImage,1,INCLUDE,"Social media use and SMAQ predict brain morphology (cortical thickness, volume). ""We utilized neuroimaging data from the ABCD Study to investigate the association of social media use or social media addiction with brain morphology."" ""higher average daily social media use was significantly associated with lower total cortical thickness and volume."" ""vertexwise analysis identified broad regions with lower cortical thickness across prefrontal, temporal, occipital, and parietal lobes.""",,,,,,
287,10.1111/ajad.70135,"Social media use, smoking expectancies, and nicotine experimentation in early adolescents: A prospective cohort study.","Nagata, Jason M",2026,The American journal on addictions,1,INCLUDE,"Social media time is focal predictor of nicotine experimentation with smoking expectancies as mediator. ""Social media time at Year 2 was associated with nicotine experimentation at Year 4."" ""Positive smoking expectancies mediated 5.97% (95% CI: 1.27%-10.67%, p = .013) of the social media-nicotine experimentation association.""",,,,,,
404,10.1186/s13104-026-07641-9,Dating app use and depression symptoms in adolescents.,"Nagata, Jason M",2026,BMC research notes,1,INCLUDE,"Dating app use is a focal predictor of depression symptoms. ""Dating app use was associated with higher depression symptoms (standardized beta coefficient 0.42; 95% CI 0.08-0.76; p=0.017) in adjusted models."" ""In sensitivity analyses...ever use of a dating app was significantly associated with higher depression symptoms (B 0.44; 95% CI 0.03-0.85; p=0.035)."" ""Ever use of a dating app was significantly associated with higher self-reported internalizing symptoms (B 0.66; 95% CI 0.34-0.99; p<0.001).""",,,,,,
92,10.1016/j.bpsc.2026.03.012,The roles of delayed cortical maturation and lower anticipatory reward activation in predicting addictive screen use in youth.,"Paige, Katie J",2026,Biological psychiatry. Cognitive neuroscience and neuroimaging,1,INCLUDE,"Addictive screen use (videogaming, social media, phone) is the outcome predicted by cortical maturation and reward activation. ""lower connectomic maturation at Y0 associated with Y2 higher ASU composite and addictive videogaming."" ""We found a negative association between AFC at Y0 and cross-domains addictive screen use at Y2 (Beta = -.056, CI = [-.083, -.027], p < .001).""",,,,,,
445,10.1556/2006.2025.00094,Situating problematic gaming and psychotic-like experiences in the adolescent landscape of affordances: A cohort study.,"Paquin, Vincent",2026,Journal of behavioral addictions,1,INCLUDE,"Problematic gaming is a focal predictor of psychotic-like experiences (PLEs); tests prospective associations and environmental moderators. ""Higher levels of problematic gaming at age 12 were associated with higher levels of PLEs at age 13, independently of sociodemographic variables and previous PLEs."" ""problematic social media use was also associated with PLEs at year 3, independently of problematic gaming and the other covariates."" ""More protective school and family environments at age 12 were associated with lower levels of problematic gaming at age 13.""",,,,,,
149,10.1016/j.neuroimage.2026.121829,Connectome-based prediction of problematic use of social media in adolescents: Findings from the ABCD study.,"Park, Jennifer J",2026,NeuroImage,1,INCLUDE,"Problematic social media use (SMAQ) is predicted by resting-state fMRI connectivity via CPM. ""CPM successfully predicted PUSM scores (r = 0.055, p = 0.016)."" ""identified connectivity within multiple large-scale neural networks predictive of PUSM severity: cognitive control/self-regulation system and perceptual-motor integration system.""",,,,,,
446,10.1556/2006.2025.00103,Connectome-based predictive modelling of problematic gaming in youth from the ABCD study.,"Park, Jennifer J",2026,Journal of behavioral addictions,1,INCLUDE,"Problematic gaming severity is the focal outcome predicted by brain functional connectivity via connectome-based predictive modeling. ""CPM successfully predicted problematic-gaming scores (r = 0.12, p = 0.002). Predictive networks involved connections within and between canonical networks implicated in visual processing, cognitive control and executive functioning, and salience and sensorimotor networks."" ""CPM analyses using other task-based fMRI data predicted problematic-gaming severity when controlling for all covariates (combined networks for SST: r = 0.15, p = 0.001; for EN-back: r = 0.17, p = 0.001).""",,,,,,
84,10.1016/j.actpsy.2026.106742,The association between screen time and cognitive function in children: The partially mediating role of putamen volume.,"Shou, Qiulu",2026,Acta psychologica,1,INCLUDE,"Screen time is focal predictor of cognitive function across 5 domains with putamen mediation. ABCD N~10,000; betas and CIs extractable.",,,,,,
475,10.2196/75126,"Associations Among Cyberbullying Victimization, Inhibitory Control, Neural Activation of Error Processing, and Mental Health Problems in Adolescents: Neuroimaging, Retrospective Longitudinal Cohort Study Using the Adolescent Brain Cognitive Development Data",Xuanyu Zhang,2026,Journal of Medical Internet Research,1,EXCLUDE,"Cyberbullying victimization is the exposure; social media use at T1 is exclusively a statistical covariate in all models with zero analytic attention. ""Potential confounders include adolescents' age, biological sex, race/ethnicity, family income, parents' highest educational attainment, offline victimization, ACEs, family conflict, and social media use at T1."" ""For all analyses...social media use were included as covariates."" No model tests screen media as a predictor, outcome, mediator, or moderator.",FT-EC2,,,,,
381,10.1177/10445463251415497,Bidirectional Associations Between Screen Time and Irritability in Preadolescence: A Temporal Network Analysis.,"Zhang, Lanting",2026,Journal of child and adolescent psychopharmacology,1,INCLUDE,"Screen time across five activity types (TV, video streaming, videogames, online chatting, social media) tested bidirectionally with irritability in temporal network models. ""TV-watching and social media predicted increased irritability over time (0.03 and 0.12, respectively), while online chat predicted decreased irritability over time (-0.03). Irritability predicted increased time spent on online chat (0.03)."" ""the edge strengths from video-streaming and videogame-playing to irritability were stronger in females (edge estimates 0.29 and 0.04, respectively) than in males.""",,,,,,
31,10.1002/jad.70069,"Associations of Sleep, Screen Time, and Extracurricular Activities With Cognitive Development: A Longitudinal Study.","Zheng, Jiayi",2026,Journal of adolescence,1,INCLUDE,"Screen time (passive watching, gaming, social media, social engagement) is focal predictor of five cognitive outcomes. ""Passive watching → Inhibitory control: B = −0.22, SE = 0.05, t = −4.72, p < 0.001, pFDR = 0.010"" ""Social media → Verbal intellect: B = −0.79, SE = 0.15, t = −5.26, p < 0.001""",,,,,,
135,10.1016/j.jadohealth.2023.08.033,"Risk Assessment of Maladaptive Behaviors in Adolescents: Nutrition, Screen Time, Prenatal Exposure, Childhood Adversities - Adolescent Brain Cognitive Development Study.","Agarwal, Khushbu",2025,The Journal of adolescent health : official publication of the Society for Adolescent Medicine,1,INCLUDE,Screen time loads as a discrete EFA factor (Factor 5) contributing to risk composite tested against fMRI activation and behavioral outcomes. β coefficients and CIs reported.,,,,,,
181,10.1038/s41366-025-01980-6,Prospective associations of sleep duration and screen time with transition from overweight/obesity to normal BMI in U.S. adolescents.,"Al-Shoaibi, Abubakr A",2025,International journal of obesity (2005),1,INCLUDE,"Screen time is a focal exposure in Cox proportional hazards models predicting BMI transition from overweight/obesity to normal. ""We used the Cox proportional hazards regression model to assess the prospective independent associations of screen time (continuous and categorical) and sleep duration (ordinal) with the transition from overweight/obesity to normal BMI percentile."" ""Higher screen time was not associated with transitioning to a normal BMI overall (HR: 0.99, 95% CI 0.96, 1.02).""",,,,,,
215,10.1089/chi.2025.0022,Independent and Joint Prospective Associations of Screen Time and Sleep Disturbance with Body Mass Index and Waist Circumference Among U.S. Adolescents.,"Al-Shoaibi, Abubakr A",2025,Childhood obesity (Print),1,INCLUDE,"Screen time is focal predictor of BMI prospectively. ""Screen time was significantly associated with higher BMI (B = 0.32; 95% CI: 0.19, 0.45; p < 0.001)"" Joint effects of screen time and sleep disturbance also tested.",,,,,,
154,10.1016/j.psychres.2025.116523,"Adolescent smartphone use, sleep, and physical activity: daily associations between sensor-based measures in the adolescent brain cognitive development (ABCD) study.","Alexander, Jordan D",2025,Psychiatry research,0,UNSURE,Previously INCLUDE but PDF was wrong/corrupt. Needs re-download and re-review.,,UNSURE,PDF unavailable for independent review,NO_PDF,,
167,10.1017/s0954579425100618,The role of smartphones in adolescent-parent discrepancy in reporting adolescents' internalizing problems.,"Carvalho, Cory",2025,Development and psychopathology,1,INCLUDE,"Smartphone ownership age is the primary analytic variable tested as a moderator of parent-child informant discrepancy in reporting internalizing problems; overall screen time also shows significant within- and between-person associations. ""The current study examined how early smartphone ownership impacts parent-child informant discrepancy of youth internalizing problems."" ""Screen time -> IP: 0.05, SE = .01, p < .001"" and ""ST_mean -> IP_mean: 0.12, SE = .01, p < .001.""",,,,,,
175,10.1037/fam0001390,Youth electronic media use and family conflict: Bidirectional associations across early adolescence.,"Carvalho, Cory",2025,Journal of family psychology : JFP : journal of the Division of Family Psychology of the American Psychological Association (Division 43),1,INCLUDE,Electronic media use is focal variable in bidirectional CLPM with family conflict. Both directions tested — unambiguously focal.,,,,,,
310,10.1111/jora.70125,Associations between social media and crystallized and fluid performance trajectories in early adolescence.,"Carvalho, Cory",2025,Journal of research on adolescence : the official journal of the Society for Research on Adolescence,1,INCLUDE,"Social media use is focal predictor of crystallized and fluid cognitive performance across adolescence. ""trajectory of social media use was negatively coupled with crystallized and inhibitory control/attention performance trajectories"" Parallel process latent growth curve models with ABCD data.",,,,,,
172,10.1037/ccp0000912,Evaluating hypothetical prevention strategies for internalizing symptoms in the general population and at-risk children.,"Dall'Aglio, Lorenza",2025,Journal of consulting and clinical psychology,1,INCLUDE,Screen time is one of four primary modifiable factors under causal investigation using target trial emulation and G-formula. Quantitative effect estimates reported for ST interventions.,,,,,,
50,10.1007/s00787-024-02620-6,Online social activity time predicts ADHD problems in youth from late childhood to early adolescence in the ABCD study.,"Deng, Huiying",2025,European child & adolescent psychiatry,1,INCLUDE,"Online social activity time (texting, social networking, video chatting) is the focal predictor in RI-CLPM testing bidirectional associations with ADHD problems. ""greater OSA time was associated with more ADHD problems in early adolescence, while more ADHD problems did not predict greater OSA time."" Cross-lagged paths: ""OSA time T2 to ADHD T3: beta = 0.058*, OSA time T3 to ADHD T4: beta = 0.074**."" ""the cross-lagged effects of OSA time on ADHD problems were only significant for girls.""",,,,,,
115,10.1016/j.ijchp.2025.100589,"The longitudinal impact of screen media activities on brain function, architecture and mental health in early adolescence.","Dong, Na",2025,International journal of clinical and health psychology : IJCHP,1,INCLUDE,"Screen media activity is focal predictor in linear mixed models, brain structure/RSFC models, cross-lagged panel models, and mediation analyses. β coefficients and FDR-corrected p-values throughout.",,,,,,
85,10.1016/j.addbeh.2024.108211,"Mobile phone ownership, social media use, and substance use at ages 11-13 in the ABCD study.","Doran, Neal",2025,Addictive behaviors,1,INCLUDE,"Screen media modalities predict substance use experimentation. ""Multiple logistic regression models estimated associations between screen time modalities in Year 2 and substance use experimentation in Year 3."" ""Each additional hour spent on social media per day was prospectively associated with 1.20 (95% CI:1.14-1.26) times higher odds of experimenting with substances.""",,,,,,
168,10.1017/s0954579425100655,"Screen time, problematic media use, and clinical concerns in the ABCD Study: Differences by sex and race/ethnicity.","Eales, Lauren",2025,Development and psychopathology,1,INCLUDE,"Both screen time and problematic media use are focal predictors of internalizing, externalizing, suicidal ideation, and NSSI. ""problematic media use consistently predicted clinical concerns with a larger effect size than screen media use."" ""Problematic media use B = 0.29, screen media use B = 0.01 [internalizing]; problematic media use B = 0.43, screen media use B = -0.03 [externalizing]."" ""A one-SD increase in problematic media use was associated with a 69% increase in the odds of a parent or child ever reporting child SI (OR = 1.69, CI 1.59-1.81).""",,,,,,
10,10.1001/jamanetworkopen.2025.28532,Psychopathology and Gaming Disorder in Adolescents.,"Falcione, Kylie",2025,JAMA network open,1,INCLUDE,"Gaming disorder is focal outcome in cross-lagged panel models with psychopathology. ""higher baseline levels of psychopathology were associated with increased risk for subsequent gaming disorder (β = 0.03 [95% CI, 0.002-0.06]; P = .003)"" ""gaming disorder was not associated with later increases in psychopathology""",,,,,,
11,10.1001/jamanetworkopen.2025.31333,Modifiable Parental Factors and Adolescent Sleep During Early Adolescence.,"Ge, Rosalind",2025,JAMA network open,1,INCLUDE,"Screen use is mediator between parental factors and adolescent sleep. ""Adolescent screen use partially mediated most of these associations"" ""indirect association of parental monitoring with better sleep quality was mediated through decreased screen use (β = 0.004; 95% CI, 0.002-0.008; PM, 7.3%)""",,,,,,
121,10.1016/j.jaacop.2025.06.007,Prospective Predictors of Adolescent Screen Time and Problematic Screen Use.,"Grund, Beatrice A",2025,JAACAP open,1,INCLUDE,Screen time and problematic screen use are focal DVs; prospective predictors tested with extractable β coefficients.,,,,,,
90,10.1016/j.biopsych.2025.02.102,The Association Between Social Media Consumption and White Matter Health in the Adolescent Brain Cognitive Development (ABCD) Dataset,Johanna SeitzâHolland,2025,Biological Psychiatry,1,INCLUDE,"Social media consumption is focal predictor of FA in 34 white matter tracts. ABCD N=9,337; linear regressions with extractable statistics.",,,,,,
13,10.1001/jamapediatrics.2025.1718,Role of Sleep and White Matter in the Link Between Screen Time and Depression in Childhood and Early Adolescence.,"Lima Santos, JoÃ£o Paulo",2025,JAMA pediatrics,0,,,,UNSURE,PDF unavailable for independent review.,NO_PDF,,
305,10.1111/jcpp.14155,"Sexual and gender minority identity, peer victimization, and suicidality in adolescents: AÂ mediation study using the ABCD Study.","Liu, Sen",2025,"Journal of child psychology and psychiatry, and allied disciplines",0,,,,UNSURE,PDF unavailable for independent review,NO_PDF,,
94,10.1016/j.bpsgos.2025.100522,"Somatomotor Disconnection Links Sleep Duration With Socioeconomic Context, Screen Time, Cognition, and Psychopathology.","Michael, Cleanthis",2025,Biological psychiatry global open science,1,INCLUDE,"Screen time linked via somatomotor disconnection to sleep/cognition/psychopathology. ABCD N=3,037; extractable betas reported.",,,,,,
1,10.1001/jama.2025.16613,Social Media Use Trajectories and Cognitive Performance in Adolescents.,"Nagata, Jason M",2025,JAMA,1,INCLUDE,"Social media time trajectories are focal predictor in regression models predicting cognitive performance. ""Social media time trajectories from baseline to year 2 were determined using group-based trajectory modeling"" ""Low increasing social media use was associated with lower performance scores... PVT (−2.09 [95% CI, −2.78 to −1.41])""",,,,,,
8,10.1001/jamanetworkopen.2025.11704,Social Media Use and Depressive Symptoms During Early Adolescence.,"Nagata, Jason M",2025,JAMA network open,1,INCLUDE,"Social media use is focal predictor in bidirectional RI-CLPM with depressive symptoms. ""within-person increases in social media use were associated with elevated depressive symptoms from year 1 to year 2 (β, 0.07; 95% CI, 0.01-0.12; P = .01)"" ""from year 2 to year 3 (β, 0.09; 95% CI, 0.04-0.14; P < .001)""",,,,,,
49,10.1007/s00127-025-02814-6,Screen time and manic symptoms in early adolescents: prospective findings from the Adolescent Brain Cognitive Development Study.,"Nagata, Jason M",2025,Social psychiatry and psychiatric epidemiology,1,EXCLUDE,"Purely descriptive study of social media use prevalence/patterns; no association between screen media and a substantive outcome tested. ""The objective of this study was to provide granular data about platform-specific social media use in early adolescents."" Analyses used chi-square and t-tests only to compare SM characteristics by sex/age, not to test associations with any health outcome.",FT-EC3,,,,,
81,10.1016/j.acap.2024.102624,Cyberbullying Victimization Among Transgender and Gender-Questioning Early Adolescents.,"Nagata, Jason M",2025,Academic pediatrics,1,INCLUDE,"Cyberbullying victimization via social media is focal outcome; gender identity is predictor. ""Transgender identification was associated with higher odds of lifetime cyberbullying victimization (OR 2.24, 95% CI 1.22–4.10, P = 0.009)""",,,,,,
82,10.1016/j.acap.2025.102784,Prevalence and Patterns of Social Media Use in Early Adolescents.,"Nagata, Jason M",2025,Academic pediatrics,1,INCLUDE,"Objective (EARS) and self-reported social media use predict externalizing behavior and SMAQ. ""Higher externalizing symptoms were related to greater social media use, as measured by both EARS (beta = 0.07, 95% CI: 0.03-0.12) and self-report (beta = 0.12, 95% CI: 0.07-0.17).""",,,,,,
106,10.1016/j.drugalcdep.2024.112504,Prospective association between screen use modalities and substance use experimentation in early adolescents.,"Nagata, Jason M",2025,Drug and alcohol dependence,1,EXCLUDE,"Describes longitudinal technology use patterns with only demographic predictors; no substantive health/behavioral outcome. ""We aimed to characterize differences in serial cross-sectional patterns of change in the use of technology subtypes...clarify whether technology subtype impacts the statistical relationship between hours of technology use and four key covariates: biological sex, parent education, parent income, and parent marital status.""",FT-EC3,,,,,
107,10.1016/j.drugalcdep.2025.112947,Cannabis expectancies mediate the association between social media use and cannabis experimentation in early adolescents: A prospective cohort study.,"Nagata, Jason M",2025,Drug and alcohol dependence,1,INCLUDE,"Social media time is focal predictor of cannabis experimentation with cannabis expectancies as mediator. ABCD N=7,691; B coefficients, CIs, and mediation percentages extractable.",,,,,,
143,10.1016/j.lana.2025.101002,"Cyberbullying, mental health, and substance use experimentation among early adolescents: a prospective cohort study.","Nagata, Jason M",2025,Lancet regional health. Americas,1,INCLUDE,Cyberbullying via online/social media is focal predictor of mental health and substance use outcomes. Extractable ORs and CIs.,,,,,,
158,10.1016/j.sleh.2025.05.005,Social epidemiology of bedtime screen use behaviors and sleep outcomes in early adolescence.,"Nagata, Jason M",2025,Sleep health,1,INCLUDE,Bedtime screen use behaviors are focal outcome; social epidemiological predictors tested. Extractable statistics.,,,,,,
184,10.1038/s41390-024-03243-y,Associations between media parenting practices and early adolescent screen use.,"Nagata, Jason M",2025,Pediatric research,1,INCLUDE,"Media parenting practices predict screen time and problematic screen use. ""Multiple linear regression analyses estimated associations between six media parenting practices and total screen time and three problematic screen use scores."" ""Parental monitoring of screen use was associated with lower screen time (B: -0.83, 95% CI: -1.05, -0.60) and lower problematic social media use (B: -0.86, 95% CI: -1.04, -0.68).""",,,,,,
248,10.1097/mop.0000000000001462,What we know about screen time and social media in early adolescence: a review of findings from the Adolescent Brain Cognitive Development Study.,"Nagata, Jason M",2025,Current opinion in pediatrics,0,UNSURE,"PDF is a Lippincott Author Permission Guidelines page, not the actual manuscript. Needs re-download.",,UNSURE,PDF unavailable for independent review,NO_PDF,,
292,10.1111/apa.70051,Cyberbullying Victimisation Was Associated With Greater Manic Symptoms in Early Adolescence: A Prospective Cohort Study.,"Nagata, Jason M",2025,"Acta paediatrica (Oslo, Norway : 1992)",1,INCLUDE,"Transgender/gender-questioning identity predicts screen time and problematic screen use. ""Multiple linear regression analyses estimated associations between transgender identification and recreational screen time as well as three forms of problematic screen use."" ""transgender adolescents reported 4.51 (95% CI 1.17-7.85) more hours of total daily recreational screen time.""",,,,,,
384,10.1186/s12887-024-05367-w,Associations between media parenting practices and early adolescent consumption of R-rated movies and mature-rated video games.,"Nagata, Jason M",2025,BMC pediatrics,1,EXCLUDE,"Duplicate record — same DOI/PDF as paper_id 184 (Nagata et al., Pediatric Research, media parenting practices).",FT-EC6,,,,,
385,10.1186/s12887-025-06368-z,"Longitudinal changes in screen time, sleep, and sports/exercise activity in early adolescence.","Nagata, Jason M",2025,BMC pediatrics,1,EXCLUDE,"Purely descriptive study tracking longitudinal trends in screen time, sleep, and physical activity using compositional data analysis. No association between screen media and any substantive outcome is tested. ""This study aimed to examine longitudinal changes in screen time, sleep, and sports/exercise activity in early adolescents."" ""Screen time increased by 0.23 h/day from baseline to Year 1, 1.58 h/day from baseline to Year 2, and 3.28 h/day from baseline to Year 3."" Mixed-effects models use time as the independent variable to estimate trends, not to test screen media associations with outcomes.",FT-EC3,,,,,
444,10.1556/2006.2025.00076,The effect of caffeine use in the relationship between gaming and sleep in adolescents: AÂ mediation analysis.,"Park, Jennifer J",2025,Journal of behavioral addictions,1,INCLUDE,"Gaming duration and problematic gaming are focal predictors of sleep outcomes with caffeine as a mediator. ""Caffeine use significantly partially mediated the positive relationship between gaming hours/problems and sleep difficulties."" ""problematic gaming and sleep difficulties (indirect effect = 0.023, 95% CI [0.004, 0.049]; direct effect = 0.036, 95% CI [0.016, 0.055])."" ""gaming duration and sleep duration (indirect effect = -0.012, 95% CI [-0.022, -0.003], direct effect = -0.029, 95% CI [-0.039, -0.018]).""",,,,,,
395,10.1186/s12889-025-25956-3,"Adolescent screen time, anxiety/depression, and alcohol/e-cigarette use: evidence from the ABCD study.","Parker, Maria A",2025,BMC public health,1,INCLUDE,"Screen time and social media trajectories are primary predictors of anxiety and depression (CBCL DSM-5 scales). ""Compared to the Persistent Low Use group, all other groups in the screen time trajectories had significantly higher anxiety and depression t-scores. The largest effect was seen in the Increasing Use group (anxiety beta = 1.44, 95% CI: 0.75, 2.12; depression beta = 2.94, 95% CI: 2.36, 3.63)."" ""higher social media use was associated with higher depression but not significantly with anxiety.""",,,,,,
186,10.1038/s41398-025-03467-4,Neural correlates differ between crystallized and fluid intelligence in adolescents.,"Qiu, Bowen",2025,Translational psychiatry,1,INCLUDE,"Screen use is tested as a predictor of fluid and crystallized intelligence with brain-mediation analyses. ""Screen use showed negative associations with fluid and crystallized intelligence (beta = -0.509, adjusted p = 1.27 x 10^-5; beta = -0.699, adjusted p = 1.65 x 10^-9)."" ""SA of 42 cortical regions exhibited significant mediating effects on the association between screen time and crystallized intelligence."" ""too much screen time could overstimulate receptor D2, potentially harming crystallized intelligence.""",,,,,,
194,10.1038/s41598-025-88398-2,Neurocognitive and brain structure correlates of reading and television habits in early adolescence.,"Rauschecker, Andreas M",2025,Scientific reports,1,INCLUDE,Television viewing and reading are focal predictors of neurocognitive and brain structure outcomes. Extractable betas and CIs.,,,,,,
202,10.1080/01612840.2025.2559062,"ACEs, Problematic Social Media Use, and Emotional/Behavioral Dysregulation Among ABCD","Rodrigues, Sarah M",2025,Issues in mental health nursing,1,INCLUDE,"ACEs predict problematic social media use (SMAQ), with emotional/behavioral dysregulation as moderator. ""The main effects model was constructed with cumulative ACEs score at Y1 as the independent variable and PSMU at Y3 as the dependent variable."" ""those with high (>=4) ACEs reported higher PSMU (beta=1.5, p<0.001).""",,,,,,
435,10.1542/pedsos.2025-000922,"Digital Media, Genetics, and Risk for ADHD Symptoms in Children: A Longitudinal Study",Samson Nivins,2025,Pediatrics Open Science,1,INCLUDE,"Social media use predicts ADHD inattention symptoms longitudinally and in cross-lagged models. ""Average social media use was associated with increased inattention symptoms over time (social media x time: beta = 0.03, p < .001), with a cumulative 4-year effect of beta = 0.15."" ""social media use predicted increases in inattention (beta = 0.03, p = .004), whereas inattention did not predict increased social media use.""",,,,,,
35,10.1002/oby.24199,Concurrent and prospective associations of social media usage with binge eating symptoms in early adolescence.,"Shi, Xinyi",2025,"Obesity (Silver Spring, Md.)",1,INCLUDE,"Video game addiction and social media addiction predict longitudinal changes in neural reward/loss sensitivity. ""Significant VGA x time interactions were observed for loss-related neural activity in left nucleus accumbens, bilateral insula, and right ACC."" ""SMA showed no significant longitudinal associations with reward or loss sensitivity.""",,,,,,
187,10.1038/s41398-025-03672-1,Association of screen time with attention-deficit/hyperactivity disorder symptoms and their development: the mediating role of brain structure.,"Shou, Qiulu",2025,Translational psychiatry,1,INCLUDE,"Screen time is the primary predictor of ADHD symptoms and brain structure, with brain volume mediating the screen-time-to-ADHD pathway. ""Screen time showed a significant main effect (beta = 0.109, 95% CI = 0.088-0.130, p < 0.001)."" ""Screen time was negatively associated with the volume of the right putamen (beta = -0.036, 95% CI = -0.054 to -0.019, FDR-corrected p = 0.005)."" ""total cortical volume had a significant mediating effect (indirect effect beta = 0.001, 95% CI = 0.000-0.002, p = 0.023).""",,,,,,
238,10.1093/sleepadvances/zpaf019,"Preliminary findings on caffeine intake, screen time, social factors, and psychological well-being: their impact on chronotype and sleep health in Hispanic adolescents.","Wallace, Alexander L",2025,Sleep advances : a journal of the Sleep Research Society,0,UNSURE,PDF not obtainable or corrupt file — needs re-download before review.,,UNSURE,PDF unavailable for independent review,NO_PDF,,
3,10.1001/jama.2025.7829,"Addictive Screen Use Trajectories and Suicidal Behaviors, Suicidal Ideation, and Mental Health in US Youths.","Xiao, Yunyu",2025,JAMA,1,INCLUDE,"Addictive use of social media/mobile phones/video games is focal exposure predicting suicidal behaviors and mental health. ""Increasing addictive use of social media had a risk ratio of 2.14 [95% CI, 1.61-2.85] for suicidal behaviors"" ""High video game addictive use trajectory showed the largest relative difference in internalizing symptoms (T score difference, 2.03 [95% CI, 1.45-2.61])""",,,,,,
95,10.1016/j.chb.2025.108554,Elevated loss sensitivity in the reward circuit in adolescents with video game but not social media addiction,Xu He,2025,Computers in Human Behavior,1,EXCLUDE,"Only supplement available. Screen time appears only as a descriptive comparison variable across latent neurodevelopmental profiles (Supplemental Table S3), not in any analytic model as predictor, outcome, mediator, or moderator.",FT-EC2,,,,,
443,10.1556/2006.2025.00035,Beyond screen time: The core influences of problematic screen use on adolescent development networks.,"Xu, Lin-Xuan",2025,Journal of behavioral addictions,1,INCLUDE,"Problematic screen use is focal variable in network analyses and CLPMs against psychopathology and behavioral outcomes. ""problematic mobile phone use demonstrated significantly larger strengths""",,,,,,
234,10.1093/sleep/zsae234,"Prospective associations between sleep, sensation-seeking, and mature screen usage in early adolescents: findings from the Adolescent Brain Cognitive Development study.","Zhang, Linhao",2025,Sleep,1,INCLUDE,"Sleep and sensation-seeking predict mature screen usage (mature-rated games, R-rated movies). ""Shorter sleep duration was associated with more mature-rated video gaming (beta = -0.06, p < .001) and R-rated movie watching (beta = -0.07, p < .001)."" ""Higher sensation-seeking was associated with more R-rated movie watching (beta = 0.12, p < .001).""",,,,,,
195,10.1038/s44184-025-00131-z,Examining measurement discrepancies in adolescent screen media activity with insights from the ABCD study.,"Zhao, Yihong",2025,Npj mental health research,1,EXCLUDE,"Tests ACEs → cyberbullying victimization. Cyberbullying is the outcome but is a peer victimization measure, not a screen media use variable. No screen time or social media use variable appears in any model. ""Screen time may be an intermediary between ACEs and cyberbullying"" mentioned only in discussion, never modeled.",FT-EC2,,,,,
27,10.1002/eat.24169,Prospective association of screen time with binge-eating disorder among adolescents in the United States: The mediating role of depression.,"Al-Shoaibi, Abubakr A A",2024,The International journal of eating disorders,0,UNSURE,Previously INCLUDE but PDF was wrong/corrupt. Needs re-download and re-review.,,UNSURE,PDF unavailable for independent review.,NO_PDF,,
290,10.1111/apa.17349,Family conflict and less parental monitoring were associated with greater screen time in early adolescence.,"Al-Shoaibi, Abubakr A A",2024,"Acta paediatrica (Oslo, Norway : 1992)",1,INCLUDE,"Family conflict and parental monitoring predict screen time outcomes. ""Higher parental monitoring score was associated with less total screen time (B = -0.37, 95% CI -0.58, -0.16)."" ""Higher family conflict was associated with higher total screen time (B = 0.08, 95% CI 0.03, 0.12).""",,,,,,
193,10.1038/s41598-024-68467-8,Passively sensing smartphone use in teens with rates of use by sex and across operating systems.,"Alexander, Jordan D",2024,Scientific reports,1,INCLUDE,"Passive sensing (EARS) vs self-reported smartphone use examined; both associated with externalizing and problematic media use. ""Both objective and subjective measures of social media use were found to be related to externalizing behavior and SMAQ.""",,,,,,
103,10.1016/j.dcn.2024.101388,NowIKnowMyABCD: A global resource hub for researchers using data from the ABCD Study.,"Ali, Sana A",2024,Developmental cognitive neuroscience,1,EXCLUDE,Resource hub infrastructure paper (NowIKnowMyABCD website). No quantitative screen-outcome associations tested.,FT-EC3,,,,,
140,10.1016/j.jadohealth.2024.06.020,Longitudinal Use Patterns of Technology Subtypes During the Transition Into Early Adolescence: Results From the Adolescent Brain Cognitive Development Study.,"Borodovsky, Jacob T",2024,The Journal of adolescent health : official publication of the Society for Adolescent Medicine,1,EXCLUDE,Descriptive epidemiology of technology use trajectories only. Models test sociodemographic predictors of screen use with no substantive health/brain outcome examined.,FT-EC3,,,,,
70,10.1007/s40519-024-01685-1,"Screen time, problematic screen use, and eating disorder symptoms among early adolescents: findings from the Adolescent Brain Cognitive Development (ABCD) Study.","Chu, Jonathan",2024,Eating and weight disorders : EWD,1,INCLUDE,"Screen time and problematic screen use are focal exposures predicting eating disorder symptoms. ""each additional hour of total screen time was prospectively associated with higher odds of fearing weight gain, with ORs ranging from 1.05 to 1.55"" ""problematic social media use and problematic mobile phone use were associated with all ED symptoms with ORs from 1.26 to 1.82""",,,,,,
205,10.1080/08927936.2024.2406097,Pet Ownership and Family Involvement in Sports and Other Activities.,"Halbreich, Eli D",2024,Anthrozoos,1,INCLUDE,"Pet ownership type predicts screen time (screen media as outcome). ""This study examines the extent to which companion animal type impacts family involvement in sports, physical activity, or screen time."" Per FT-IC2, papers testing what predicts screen media use are included.",,,,,,
96,10.1016/j.comppsych.2024.152509,Pixels and perception: Mapping the association between digital media and psychotic-like experiences in adolescents.,"Hein, Kaiden",2024,Comprehensive psychiatry,1,EXCLUDE,"Psychometric/measurement validation study of passive smartphone sensing. ""Passively sensing smartphone use in teens with rates of use by sex and across operating systems"" describes and validates keyboard and app use measures. ""Keyboard and app-use measures were reliable and positively correlated with self-reported use (rs = 0.21-0.35)."" No association between screen media and health/behavioral outcome tested.",FT-EC4,,,,,
48,10.1007/s00127-024-02669-3,"Childhood internalizing, externalizing and attention symptoms predict changes in social and nonsocial screen time.","Keyes, Katherine",2024,Social psychiatry and psychiatric epidemiology,1,INCLUDE,"Screen usage types (TV, video games, social media, texting, video chat) predict psychotic-like experiences in longitudinal network analysis. ""This study aimed to examine longitudinal associations between screen usage patterns and PLEs in adolescents."" ""Texting and online video usage appear most influential in the development of adolescent PLEs over time.""",,,,,,
18,10.1002/advs.202307540,"Causal Relationships Between Screen Use, Reading, and Brain Development in Early Adolescents.","Li, Mingyang",2024,"Advanced science (Weinheim, Baden-Wurttemberg, Germany)",1,INCLUDE,"Screen use across six modalities is primary exposure in LME and Mendelian randomization analyses for cognition, behavior, and brain volume. ""adverse causal effects of screen use on language ability and specific behaviors"" ""TVM use had a consistent negative association with brain volume in 32 regions"" ""negative causal effect of TVM use on picture vocabulary (β = −2.39, corrected p < 0.02)""",,,,,,
442,10.1556/2006.2024.00068,The longitudinal association between reward processing and symptoms of video game addiction in the Adolescent Brain Cognitive Development Study.,"Lopez, Daniel A",2024,Journal of behavioral addictions,1,INCLUDE,"Phone ownership and social media use predict alcohol, nicotine, and cannabis use longitudinally. ""Phone ownership was associated with greater odds of alcohol and nicotine/tobacco use, and social media use was associated with greater odds of using nicotine/tobacco and cannabis."" ""social media use OR = 4.91 [2.84, 8.47] for cannabis.""",,,,,,
80,10.1016/j.acap.2024.01.023,Associations of Contemporary Screen Time Modalities With Early Adolescent Nutrition.,"Nagata, Jason M",2024,Academic pediatrics,1,INCLUDE,"Screen time across modalities is focal predictor of MIND diet nutrition score. ""Each additional hour per day of total screen time (−0.07, 95% CI: −0.09, −0.05) was associated with lower nutrition score"" ""Texting (−0.15) and social media (−0.16) were associated with lower nutrition scores""",,,,,,
88,10.1016/j.annepidem.2024.04.013,Screen use in transgender and gender-questioning adolescents: Findings from the Adolescent Brain Cognitive Development (ABCD) Study.,"Nagata, Jason M",2024,Annals of epidemiology,1,INCLUDE,"Screen time modalities predict MIND diet adherence. ""Screen time spent on television, video games, and videos at year 0 was associated with lower nutrition scores at year 1."" ""Each additional hour per day of total screen time at year 0 (-0.07, 95% CI: -0.09, -0.05) was associated with a lower nutrition score at year 1.""",,,,,,
139,10.1016/j.jadohealth.2024.06.006,Bedtime Screen Use Behaviors and Sleep Outcomes in Early Adolescents: A Prospective Cohort Study.,"Nagata, Jason M",2024,The Journal of adolescent health : official publication of the Society for Adolescent Medicine,1,INCLUDE,"Bedtime screen behaviors are focal predictors of sleep duration and disturbance prospectively in N=9,398. Full regression table with ORs, B coefficients, and 95% CIs.",,,,,,
208,10.1080/10826084.2024.2310501,Social Media Use and Alcohol Sipping in Early Adolescents: A Prospective Cohort Study.,"Nagata, Jason M",2024,Substance use & misuse,1,INCLUDE,"Screen time predicts internalizing symptoms via target trial emulation and G-formula. ""under TTE, only ST associated with internalizing symptoms."" ""adhering to more stringent ST guidelines (0-1 hr) decreased internalizing symptoms by 0.10-0.16 SDs.""",,,,,,
392,10.1186/s12889-024-18790-6,Association of physical activity and screen time with cardiovascular disease risk in the Adolescent Brain Cognitive Development Study.,"Nagata, Jason M",2024,BMC public health,1,INCLUDE,"Screen time and physical activity predict cardiovascular health. Screen time predicts higher diastolic BP and non-HDL cholesterol. ""Each additional hour of total screen time at both year 0 (B = 0.32, 95% CI: 0.19, 0.45) and year 1 was associated with higher BMI."" Problematic screen use mediates associations with manic symptoms.",,,,,,
393,10.1186/s12889-024-20102-x,Screen time and mental health: a prospective analysis of the Adolescent Brain Cognitive Development (ABCD) Study.,"Nagata, Jason M",2024,BMC public health,1,INCLUDE,"Total screen time and six subtypes are primary IVs predicting six CBCL DSM-oriented mental health scales. ""Higher total screen time was associated with all mental health symptoms in adjusted models, and the association was strongest for depressive symptoms (B = 0.10, 95% CI 0.06, 0.13, p < 0.001), conduct symptoms (B = 0.07, 95% CI 0.03, 0.10, p < 0.001)."" ""The specific screen types with the greatest associations with depressive symptoms included video chat, texting, videos, and video games.""",,,,,,
403,10.1186/s13104-024-06777-w,Social epidemiology of online dating in U.S. early adolescents.,"Nagata, Jason M",2024,BMC research notes,1,INCLUDE,"Dating app use (a digital media behavior per IC2) is the focal outcome; study tests sociodemographic predictors of dating app use in ABCD adolescents. ""Multivariable logistic regression analyses were employed to estimate associations between sociodemographic factors and early adolescent-reported online dating behaviors."" ""Male compared to female sex (AOR 2.72, 95% CI 1.11-6.78) and sexual minority compared to non-sexual minority status (AOR 12.97, 95% CI 4.32-38.96) were associated with higher odds of online dating.""",,,,,,
291,10.1111/apa.17365,Problematic smartphone use: What can teenagers and parents do to reduce use?,Nicola J. Kalk,2024,Acta Paediatrica,1,EXCLUDE,"Perspective/clinical recommendations piece on problematic smartphone use. No statistical models testing screen media associations with outcomes. ""Rather, the relationship between parent and adolescent is key"" — offers qualitative guidance, not quantitative analysis.",FT-EC3,,,,,
196,10.1038/s44277-024-00006-9,Probing the digital exposome: associations of social media use patterns with youth mental health.,"Pagliaccio, David",2024,NPP - digital psychiatry and neuroscience,1,INCLUDE,"Screen time predicts BMI and waist circumference. ""Screen time was significantly associated with higher BMI (B = 0.32; 95% CI: 0.19, 0.45) and WC (B = 0.40; 95% CI: 0.23, 0.56)."" Joint associations with sleep disturbance also tested.",,,,,,
192,10.1038/s41598-024-63566-y,Long-term impact of digital media on brain development in children,Samson Nivins,2024,Scientific Reports,1,INCLUDE,"Digital media types (social media, video games, TV/videos) predict brain cortical, striatal, and cerebellar development over 4 years. ""We investigated how individual effects of DM use on the development of the cortex, striatum, and cerebellum in children over 4 years."" Quadratic-mixed effect models test DM x brain developmental trajectory interactions.",,,,,,
79,10.1016/j.acap.2023.11.019,The Association between Family Environment and Subsequent Risk of Cyberbullying Victimization in Adolescents.,"Shao, Iris Y",2024,Academic pediatrics,1,INCLUDE,"Cyberbullying via social media is focal outcome with family environment as predictor. ""higher levels of parental monitoring were associated with lower cyberbullying victimization (OR: 0.61, 95% CI: 0.50–0.75)"" ""Higher family conflict: OR: 1.10, 95% CI: 1.04–1.16""",,,,,,
377,10.1177/00111287241305057,Traumatic Stress Exposure as a Predictor of Dual Systems Model Development: Examining Deviant Peer Association as a Social Mediating Mechanism,Thomas Wojciechowski,2024,Crime & Delinquency,1,EXCLUDE,"No screen media variable in any analytic model. Criminology paper examines traumatic stress exposure as predictor of dual systems model development with deviant peer association as mediator. ""Social mediating mechanism"" refers to deviant peers, not social media.",FT-EC2,,,,,
441,10.1556/2006.2024.00016,"Screen time, sleep, brain structural neurobiology, and sequential associations with child and adolescent psychopathology: Insights from the ABCD study.","Zhao, Yihong",2024,Journal of behavioral addictions,1,INCLUDE,"Screen media activity is focal variable in CLPMs examining bidirectional relationships among SMA, sleep, and psychopathology. ""higher frequency SMA predicting shorter sleep duration (β = −0.10, P = 0.004) and vice versa (β = −0.11, P < 0.001)""",,,,,,
136,10.1016/j.jadohealth.2023.09.001,"Examining the Bidirectional Associations Between Sleep Duration, Screen Time, and Internalizing Symptoms in the ABCD Study.","Zink, Jennifer",2024,The Journal of adolescent health : official publication of the Society for Adolescent Medicine,1,INCLUDE,"Bidirectional models test sleep duration ↔ screen time ↔ internalizing symptoms. ""The purpose was to examine the bidirectional associations between sleep duration and screen time with internalizing symptoms."" Screen time on weekdays/weekends entered as predictors of internalizing, and reverse models tested.",,,,,,
400,10.1186/s12966-024-01587-6,"Longitudinal associations of screen time, physical activity, and sleep duration with body mass index in U.S. youth.","Zink, Jennifer",2024,The international journal of behavioral nutrition and physical activity,1,INCLUDE,"Isotemporal substitution models estimate effects of replacing screen time with physical activity/sleep on BMI. ""We hypothesized that replacing screen time with an equal amount of time in physical activity or sleep would be associated with a lower BMI.""",,,,,,
521,10.3389/fped.2023.1198033,Passive and social screen time in children with autism and in association with obesity.,,2023,Frontiers in pediatrics,1,INCLUDE,"Screen time types (passive, social, gaming) tested by autism status and in association with obesity. ""Baseline data from 10,842 ABCD participants was used to characterize time spent with passive screen use, video games, and social media."" Tests differences in screen time by autism status and associations with obesity.",,,,,,
101,10.1016/j.dcn.2023.101218,Negative impact of daily screen use on inhibitory control network in preadolescence: A two-year follow-up study.,"Chen, Ya-Yun",2023,Developmental cognitive neuroscience,1,INCLUDE,"Daily screen use (SAP score) is focal predictor of fronto-striatal inhibitory control connectivity with reward sensitivity as mediator. ABCD N=8,324; extractable betas.",,,,,,
160,10.1016/j.ypmed.2023.107452,Screen time and suicidal behaviors among U.S. children 9-11Â years old: A prospective cohort study.,"Chu, Jonathan",2023,Preventive medicine,1,INCLUDE,"Screen time predicts suicidal behaviors prospectively. ""Each additional hour of total screen time was prospectively associated with 1.09 higher odds of suicidal behaviors at 2-year follow-up (95% CI 1.03-1.14)."" Modality-specific results for texting, video chatting, videos, and video games.",,,,,,
132,10.1016/j.jadohealth.2022.10.019,Adherence to 24-Hour Movement Recommendations and Health Indicators in Early Adolescence: Cross-Sectional and Longitudinal Associations in the Adolescent Brain Cognitive Development Study.,"Fung, Hoki",2023,The Journal of adolescent health : official publication of the Society for Adolescent Medicine,1,INCLUDE,"24-hour movement guidelines including screen time (<=2 hrs/day) tested against cognition, psychosocial health, BMI, and brain morphometry. ""Adherence to 24-hour movement guidelines of >=60 min physical activity, <=2 hours screen time, and 9-11 hours sleep has been shown to benefit cognitive, physical, and psychosocial health.""",,,,,,
105,10.1016/j.drugalcdep.2023.110920,Association of cyberbullying victimization and substance initiation: The Adolescent Brain Cognitive Development (ABCD) study,Iris Yuefan Shao,2023,Drug and Alcohol Dependence,1,EXCLUDE,"Exposure is cyberbullying victimization (interpersonal harm construct), not screen media use. Screen media receives zero analytic attention in all models.",FT-EC2,,,,,
177,10.1037/hea0001251,Effects of the COVID-19 pandemic on screen time and sleep in early adolescents.,"Kiss, Orsolya",2023,"Health psychology : official journal of the Division of Health Psychology, American Psychological Association",1,INCLUDE,"Screen time (social media, video gaming) examined longitudinally across COVID-19 pandemic in association with sleep. ""Higher social media use and video gaming was associated with shorter time in bed, later bedtimes, and longer sleep onset latency.""",,,,,,
176,10.1037/hea0001248,Longitudinal relationships between lifestyle risk factors and neurodevelopment in early adolescence.,"Mewton, Louise",2023,"Health psychology : official journal of the Division of Health Psychology, American Psychological Association",1,INCLUDE,"Screen time is one of four clustered lifestyle risk factors tested against brain structure via bivariate latent change score models. ""A single lifestyle risk factor domain (defined by sleep, physical activity, BMI, and screen time) was shown to fit the data well.""",,,,,,
97,10.1016/j.cortex.2023.09.009,Impact of digital screen media activity on functional brain organization in late childhood: Evidence from the ABCD study.,"Miller, Jack",2023,Cortex; a journal devoted to the study of the nervous system and behavior,1,INCLUDE,"Six types of digital screen media activity are focal predictors of functional brain organization (rs-fMRI). ABCD N=7,809; GAMMs with statistics reported.",,,,,,
5,10.1001/jamanetworkopen.2022.55466,Association of Physical Activity and Screen Time With Body Mass Index Among US Adolescents.,"Nagata, Jason M",2023,JAMA network open,1,INCLUDE,"Screen time is focal independent variable predicting BMI and overweight/obesity. ""Medium (RR, 1.24; 95% CI, 1.12-1.37) and high (RR, 1.29; 95% CI, 1.16-1.44) screen time categories were associated with higher overweight or obesity risk"" ""high: β = 6.97; 95% CI, 4.73-9.28""",,,,,,
30,10.1002/jad.12124,Adverse childhood experiences and early adolescent cyberbullying in the United States.,"Nagata, Jason M",2023,Journal of adolescence,1,EXCLUDE,Screen media absent from all analytic models. Tests ACEs → cyberbullying victimization; covariates are sociodemographics only. No screen time or social media variable in any model.,FT-EC2,,,,,
78,10.1016/j.acap.2022.12.007,Cyberbullying and Sleep Disturbance Among Early Adolescents in the U.S.,"Nagata, Jason M",2023,Academic pediatrics,1,EXCLUDE,"Screen time is exclusively a statistical covariate adjusting the cyberbullying-sleep association. ""Model 3: adjusted for sociodemographic factors and screen time."" Screen time RR=1.02 reported only as confounder adjustment.",FT-EC2,,,,,
87,10.1016/j.annepidem.2023.03.004,Associations between sexual orientation and early adolescent screen use: findings from the Adolescent Brain Cognitive Development (ABCD) Study.,"Nagata, Jason M",2023,Annals of epidemiology,1,INCLUDE,"Sexual orientation predicts screen use outcomes across modalities. ""Associations between sexual orientation and early adolescent screen use."" Screen time and problematic screen use are the primary outcome variables.",,,,,,
133,10.1016/j.jadohealth.2022.10.023,Screen Time and Obsessive-Compulsive Disorder Among Children 9-10Â Years Old: A Prospective Cohort Study.,"Nagata, Jason M",2023,The Journal of adolescent health : official publication of the Society for Adolescent Medicine,1,INCLUDE,"Screen time predicts OCD prospectively. ""Each additional hour of total screen time was prospectively associated with 1.05 higher odds of OCD at 2-year follow-up (95% CI 1.01-1.09)."" Video games and watching videos also tested as specific predictors.",,,,,,
157,10.1016/j.sleh.2023.02.005,Bedtime screen use behaviors and sleep outcomes: Findings from the Adolescent Brain Cognitive Development (ABCD) Study.,"Nagata, Jason M",2023,Sleep health,1,INCLUDE,Bedtime screen use is focal predictor of sleep outcomes. Full regression tables with B and CIs.,,,,,,
304,10.1111/jcpp.13673,Contemporary screen time modalities and disruptive behavior disorders in children: a prospective cohort study.,"Nagata, Jason M",2023,"Journal of child psychology and psychiatry, and allied disciplines",1,INCLUDE,"Transgender/gender-questioning identity predicts screen time and problematic screen use. ""transgender adolescents reported 4.51 (95% CI 1.17-7.85) more hours of total daily recreational screen time."" ""transgender identification was associated with higher problematic social media, video game, and mobile phone use.""",,,,,,
389,10.1186/s12889-023-15298-3,Problematic social media use and alcohol expectancies in early adolescents.,"Nagata, Jason M",2023,BMC public health,1,INCLUDE,"Screen media modalities predict substance use experimentation. ""Each additional hour on social media per day: 1.15 higher odds of alcohol experimentation, 1.23 higher odds of nicotine, 1.22 higher odds of cannabis in Year 3.""",,,,,,
390,10.1186/s12889-023-16111-x,Associations between adverse childhood experiences and early adolescent problematic screen use in the United States.,"Raney, Julia H",2023,BMC public health,1,INCLUDE,"Sexual orientation predicts screen time and problematic screen use. ""sexual minority identification was associated with 3.72 (95% CI 2.96-4.47) more hours of daily recreational screen time"" and ""higher problematic social media use score (0.46, 95% CI 0.32-0.60).""",,,,,,
178,10.1037/hea0001351,Leveraging the adolescent brain cognitive development study to advance and promote adolescent health: Introduction to the special issue.,"Sanchez, Mariana",2023,"Health psychology : official journal of the Division of Health Psychology, American Psychological Association",1,INCLUDE,"Electronic media use (child- and parent-reported) predicts anxiety and depression. ""Child reported weekday use predicting anxiety: coefficient=0.055, t=3.309, p=0.001; predicting depression: coefficient=0.050, t=3.026, p=0.002."" ""All reports of EMU remained significantly related to depression when controlling for anxiety.""",,,,,,
153,10.1016/j.pmedr.2023.102428,Identification and characterization of screen use trajectories from late childhood to adolescence in a US-population based cohort study.,"Shao, Iris Yuefan",2023,Preventive medicine reports,1,INCLUDE,Screen use trajectories are focal outcome identified via GBTM; tested against demographic and behavioral predictors. Extractable statistics.,,,,,,
119,10.1016/j.jaac.2023.02.014,Youth Screen Media Activity Patterns and Associations With Behavioral Developmental Measures and Resting-state Brain Functional Connectivity.,"Song, Kunru",2023,Journal of the American Academy of Child and Adolescent Psychiatry,1,INCLUDE,"Screen media activity pattern clusters are focal predictor against neurocognition, mental health, RSFC in N=11,815. Standardized β and FDR-corrected CIs reported.",,,,,,
185,10.1038/s41398-023-02502-6,Generalizable prediction of childhood ADHD symptoms from neurocognitive testing and youth characteristics.,"Weigard, Alexander",2023,Translational psychiatry,1,INCLUDE,Screen time is named predictive feature in ML models for ADHD symptoms. Feature weights extractable.,,,,,,
7,10.1001/jamanetworkopen.2023.41502,Shared Genetic Risk in the Association of Screen Time With Psychiatric Problems in Children.,"Zhang, Yingzhe",2023,JAMA network open,1,INCLUDE,"Screen time is focal exposure predicting attention and internalizing problems with genetic confounding analysis. ""Child screen time was associated with attention problems (β = 0.10 SD; 95% CI, 0.07-0.13 SD) and internalizing problems (β = 0.03 SD; 95% CI, 0.003-0.06 SD)"" ""Genetic confounding accounted for most of the association between child screen time and attention problems""",,,,,,
440,10.1556/2006.2023.00006,Brain structural co-development is associated with internalizing symptoms two years later in the ABCD cohort.,"Zhao, Yihong",2023,Journal of behavioral addictions,1,INCLUDE,"Screen media activity is focal predictor of brain co-development mediating internalizing symptoms. ""SMA at baseline was related to internalizing psychopathology at year 2 (β = 0.020, P = 0.014)"" ""indirect effect = 0.020, P = 0.043""",,,,,,
124,10.1016/j.jad.2022.05.071,Associations between screen time and internalizing disorder diagnoses among 9- to 10-year-olds.,,2022,Journal of affective disorders,1,INCLUDE,"Video game addiction and social media addiction predict neural reward/loss sensitivity longitudinally. ""Significant VGA x time interactions on neural responses to losses in left nucleus accumbens (b = 0.106, SE = 0.034, 95% CI [0.040, 0.172], p = .002)."" ""time x neural loss sensitivity interactions predicted later VGA in right amygdala.""",,,,,,
100,10.1016/j.dcn.2022.101150,Youth screen use in the ABCDÂ® study.,"Bagot, K S",2022,Developmental cognitive neuroscience,1,EXCLUDE,"Psychometric/descriptive paper developing ABCD screen use questionnaire. Descriptive data only, no health/neural outcome associations tested.",FT-EC4,,,,,
4,10.1001/jamanetworkopen.2022.35721,Association of Video Gaming With Cognitive Performance Among Children.,"Chaarani, Bader",2022,JAMA network open,1,INCLUDE,"Video gaming is focal predictor in linear mixed models and fMRI analyses examining cognitive performance and neural outcomes. ""VGs had significantly faster stop signal reaction times compared with NVGs (SMD 0.04; P = .018)"" ""0-back D' scores were significantly higher in VGs relative to NVGs (SMD, 0.15; P < .001)""",,,,,,
130,10.1016/j.jadohealth.2021.11.023,The Pandemic's Toll on Young Adolescents: Prevention and Intervention Targets to Preserve Their Mental Health.,"Kiss, Orsolya",2022,The Journal of adolescent health : official publication of the Society for Adolescent Medicine,1,INCLUDE,Screen time features are among top-ranked predictors in ML models for pandemic mental health outcomes. SHAP values provide extractable effect estimates.,,,,,,
91,10.1016/j.bpsc.2021.02.013,Identification and Validation of Distinct Latent Neurodevelopmental Profiles in the Adolescent Brain and Cognitive Development Study.,"Lichenstein, Sarah D",2022,Biological psychiatry. Cognitive neuroscience and neuroimaging,1,INCLUDE,"Network analysis of screen time types and mood symptoms. ""Screen time involving age-inappropriate content was stably and significantly associated with various elevated mood symptoms, independent from other types of screen time."" Eight screen types tested as nodes alongside mood symptoms.",,,,,,
12,10.1001/jamapediatrics.2021.4334,Screen Time Use Among US Adolescents During the COVID-19 Pandemic: Findings From the Adolescent Brain Cognitive Development (ABCD) Study.,"Nagata, Jason M",2022,JAMA pediatrics,1,INCLUDE,"Screen time is DV in regression models testing mental health/resiliency factors as predictors. ""poorer mental health (B, 0.29; 95% CI, 0.06-0.52; P = .01) and greater perceived stress (B, 0.67; 95% CI, 0.43-0.91; P < .001) were associated with higher total screen use""",,,,,,
75,10.1016/j.acap.2021.12.008,Parent-Adolescent Discrepancies in Adolescent Recreational Screen Time Reporting During the Coronavirus Disease 2019 Pandemic.,"Nagata, Jason M",2022,Academic pediatrics,1,EXCLUDE,"Describes parent vs adolescent reports of screen time amounts; no quantitative association tested between screen media and a substantive outcome. ""Our study aims to describe the relationship between parent and adolescent reports of adolescent recreational screen time."" Regression models only assess sociodemographic predictors of reporting discrepancies.",FT-EC3,,,,,
76,10.1016/j.acap.2022.07.003,Social Epidemiology of Early Adolescent Cyberbullying in the United States.,"Nagata, Jason M",2022,Academic pediatrics,1,EXCLUDE,Duplicate row — same DOI as paper_id 304. Both share 10.1016/j.annepidem.2024.04.013.,FT-EC6,,,,,
141,10.1016/j.jpeds.2021.08.077,Sociodemographic Correlates of Contemporary Screen Time Use among 9- and 10-Year-Old Children.,"Nagata, Jason M",2022,The Journal of pediatrics,1,EXCLUDE,Duplicate row — same DOI as paper_id 390. Both share 10.1016/j.annepidem.2023.03.004.,FT-EC6,,,,,
152,10.1016/j.pmedr.2022.101900,COVID information and masking behaviors in U.S. adolescents: Findings from the Adolescent Brain Cognitive Development (ABCD) Study.,"Nagata, Jason M",2022,Preventive medicine reports,1,INCLUDE,Screen time is focal variable in COVID information/masking behavior models. Extractable statistics.,,,,,,
183,10.1038/s41390-022-02176-8,Social epidemiology of early adolescent problematic screen use in the United States.,"Nagata, Jason M",2022,Pediatric research,1,INCLUDE,"Media parenting practices predict screen time and problematic screen use across 24 regression models. ""parental screen time modeling associated with higher total screen time (B: 0.66, 95% CI: 0.36, 0.96), problematic social media (B: 0.82, 95% CI: 0.55, 1.10), video game (B: 0.38, 95% CI: 0.12, 0.64), and mobile phone use (B: 1.31, 95% CI: 0.82, 1.81).""",,,,,,
179,10.1037/pha0000532,One-year predictions of delayed reward discounting in the adolescent brain cognitive development study.,"Owens, Max M",2022,Experimental and clinical psychopharmacology,1,INCLUDE,Screen time is named predictive feature in ML models for delayed reward discounting. Feature weights extractable.,,,,,,
289,10.1111/apa.16253,Parental psychological problems were associated with higher screen time and the use of mature-rated media in children.,"Pulkki-RÃ¥back, Laura",2022,"Acta paediatrica (Oslo, Norway : 1992)",1,INCLUDE,"Screen time is the focal DV predicted by parental psychological problems. ""Parents with externalising or internalising problems had children spending more time on screen media."" Screen media as outcome = INCLUDE per directionality rules.",,,,,,
77,10.1016/j.acap.2022.07.007,"Associations Between Adverse Childhood Experiences, Adolescent Screen Time and Physical Activity During the COVID-19 Pandemic.","Raney, Julia H",2022,Academic pediatrics,1,INCLUDE,"Screen time is focal DV of ACE exposure with extractable statistics. ""higher ACE score was significantly associated with greater hours per day of screen time, with youth with >=4 ACEs associated with 2.3 more hours"" ""ACEs: B = 0.44 (95% CI 0.26, 0.62), p < .001""",,,,,,
190,10.1038/s41598-022-11341-2,The impact of digital media on children's intelligence while controlling for genetic differences in cognition and socioeconomic background.,"Sauce, Bruno",2022,Scientific reports,1,INCLUDE,"Digital media (video watching, video games) is focal predictor of intelligence while controlling for SES and genetics. Extractable statistics.",,,,,,
110,10.1016/j.ebiom.2022.104039,Longer screen time utilization is associated with the polygenic risk for Attention-deficit/hyperactivity disorder with mediation by brain white matter microstructure.,"Yang, Anyi",2022,EBioMedicine,1,INCLUDE,"Screen time utilization is focal outcome, mediator, and bidirectional variable across all analytic components. Full regression tables with β, SE, p, R².",,,,,,
439,10.1556/2006.2022.00044,Brain structural covariation linked to screen media activity and externalizing behaviors in children.,"Zhao, Yihong",2022,Journal of behavioral addictions,1,INCLUDE,"Screen media activity is focal predictor of brain structural covariation and externalizing behavior. ""co-variation pattern associated with SMA (b = 0.107, P = 0.002) and externalizing psychopathology (b = 0.117, P = 0.002)""",,,,,,
283,10.1109/bibm52615.2021.9669378,Confirmatory Factor Analysis on Mental Health Status using ABCD Cohort,Britny Farahdel,2021,2021 IEEE International Conference on Bioinformatics and Biomedicine (BIBM),1,INCLUDE,"Screen time is focal predictor of general psychopathology (p factor) in CFA/mixed-effects models. ""Screen Activity 0.116 (1.04E-02) 11.131 < 2.00E-16"" ""screen time, physical activity, sleep duration, and household income explained 4.95% of the variance in the p factor""",,,,,,
129,10.1016/j.jadohealth.2021.11.008,Transforming the Future of Adolescent Health: Opportunities From the Adolescent Brain Cognitive Development Study,Elizabeth A. Hoffman,2021,Journal of Adolescent Health,1,EXCLUDE,3-page commentary on ABCD Study design. No statistical analyses conducted; screen time listed only as a data domain in a table.,FT-EC3,,,,,
541,10.3390/ijerph18020699,Typologies of Family Functioning and 24-h Movement Behaviors.,"Guerrero, Michelle D",2021,International journal of environmental research and public health,1,EXCLUDE,"Screen time is dissolved into a composite ""movement behavior recommendations met"" count. Zero analytic attention to screen media as distinct predictor/outcome in any model.",FT-EC2,,,,,
295,10.1111/cdev.13578,"Extracurricular Activities, Screen Media Activity, and Sleep May Be Modifiable Factors Related to Children's Cognitive Functioning: Evidence From the ABCD Study","Kirlic, Namik",2021,Child development,1,INCLUDE,"Screen media activity is focal predictor of fluid cognitive functioning in ML models. ""the identified algorithm explained 14.7% of the variance in FCF"" with screen media activity and sleep identified as key contributors.",,,,,,
24,10.1002/eat.23489,Contemporary screen time modalities among children 9-10âyears old and binge-eating disorder at one-year follow-up: A prospective cohort study.,"Nagata, Jason M",2021,The International journal of eating disorders,1,INCLUDE,"Screen time predicts binge-eating disorder. ""Greater overall screen time was associated with higher odds of binge-eating disorder at 1-year follow-up (aOR per hour: 1.11; 95% CI: 1.05-1.17).""",,,,,,
302,10.1111/ijpo.12827,Contemporary screen time usage among children 9-10-years-old is associated with higher body mass index percentile at 1-year follow-up: A prospective cohort study.,"Nagata, Jason M",2021,Pediatric obesity,1,INCLUDE,"Total screen time predicts higher BMI z-scores. ""Each additional hour of total screen time was associated with a higher BMI z-score at 1-year follow-up (B = 0.03; 95% CI: 0.02, 0.04).""",,,,,,
420,10.1371/journal.pone.0256591,"Screen time and early adolescent mental health, academic, and social outcomes in 9- and 10- year old children: Utilizing the Adolescent Brain Cognitive Development â  (ABCD) Study.","Paulich, Katie N",2021,PloS one,1,INCLUDE,"Screen time is focal predictor of mental health, academic, and social outcomes. ""Total screen time was significantly associated with internalizing problems (β = 0.09, SE = 0.01, p < 0.001) and externalizing problems (β = 0.08, SE = 0.01, p < 0.001)""",,,,,,
473,10.2196/29426,Passive Sensing of Preteens' Smartphone Use: An Adolescent Brain Cognitive Development (ABCD) Cohort Substudy.,"Wade, Natasha E",2021,JMIR mental health,1,EXCLUDE,"Feasibility/psychometric study of passive sensing via Fitbit in ABCD. ""examined the feasibility of using passively collected screen time and physical activity data."" No association between screen media and health/behavioral outcome tested.",FT-EC4,,,,,
128,10.1016/j.jadohealth.2020.09.003,24-Hour Movement Behaviors and Internalizing and Externalizing Behaviors Among Youth.,,2020,The Journal of adolescent health : official publication of the Society for Adolescent Medicine,1,INCLUDE,"24-hour movement guidelines including screen time predict internalizing/externalizing problems. ""Meeting the screen time recommendation only was associated with lower internalizing (B = -0.53, 95% CI: -0.94, -0.12) and externalizing (B = -0.82, 95% CI: -1.20, -0.44) problems.""",,,,,,
543,10.3390/info11110538,American Children's Screen Time: Diminished Returns of Household Income in Black Families.,"Assari, Shervin",2020,Information (Basel),1,INCLUDE,"Household income predicts screen time, moderated by race. ""High income was associated with less screen time for White but not Black children (b = -0.19, 95% CI = -0.24 to -0.15 for White; b = -0.07, 95% CI = -0.16 to 0.02 for Black).""",,,,,,
126,10.1016/j.jadohealth.2019.12.005,Sleep Disturbance Predicts Depression Symptoms in Early Adolescence: Initial Findings From the Adolescent Brain Cognitive Development Study.,"Goldstone, AimÃ©e",2020,The Journal of adolescent health : official publication of the Society for Adolescent Medicine,1,EXCLUDE,"Screen time was considered but dropped from all final analytic models. ""screen time was not included in the final models."" Study examines sleep duration → depression; screen time served only as a candidate covariate and was excluded.",FT-EC2,,,,,
166,10.1017/s0033291719001545,"Demographic, psychological, behavioral, and cognitive correlates of BMI in youth: Findings from the Adolescent Brain Cognitive Development (ABCD) study.","Gray, Joshua C",2020,Psychological medicine,1,INCLUDE,"ABCD baseline data; screen time is a focal predictor of BMI. ""screen time were robust positive correlates in the primary analyses and in analyses separated by sex"" ""Participants were derived from the first wave of the ABCD study""",,,,,,
156,10.1016/j.sleh.2020.07.002,Screen media use and sleep disturbance symptom severity in children.,"Hisler, Garrett C",2020,Sleep health,1,INCLUDE,"Screen media types predict sleep disturbance. ""Social media use was associated with greater sleep disturbance (B = 0.04, p < .001)."" Six screen media types tested as predictors.",,,,,,
162,10.1016/s2215-0366(20)30049-3,Risk and protective factors for childhood suicidality: a US population-based study.,"Janiri, Delfina",2020,The lancet. Psychiatry,1,INCLUDE,"ABCD data; screen time is a focal predictor of suicidality. ""The risk of child-reported suicidality increased with higher weekend screen use time (OR 1.3, 95% CI 1.2–1.7)"" ""data accessed from the ABCD Study Curated Annual Release 2.0""",,,,,,
388,10.1186/s12889-020-09894-w,Screen media activity does not displace other recreational activities among 9-10âyear-old youth: a cross-sectional ABCD studyÂ®.,"Lees, Briana",2020,BMC public health,1,INCLUDE,"Screen media activity is the primary predictor in models testing whether SMA displaces recreational activities (sports, hobbies). ""For every one SD on the high games/movies and low social media GF, youth were 0.83 (95% CI 0.76-0.89) times as likely to endorse recreational engagement."" ""when variance in cognition, psychopathology, social environment, and sociodemographic covariates were accounted for, most forms of SMA were no longer significantly associated with recreational activity engagement (p > .05).""",,,,,,
57,10.1007/s10802-020-00703-x,Unpacking Associations between Mood Symptoms and Screen Time in Preadolescents: a Network Analysis,Sin-Ying Lin,2020,Journal of Abnormal Child Psychology,1,INCLUDE,"Network analysis of screen time and mood symptoms. ""Screen time variables occupied peripheral positions in the network...total screen time had a negative partial correlation with happiness (r = -0.03).""",,,,,,
239,10.1097/01.ee9.0000606160.27107.76,"Radiofrequency electromagnetic fields exposure, screen time and cognitive function in children and adolescents at 9-18 years old",Alba CabrÃ©-Riera,2019,Environmental Epidemiology,1,EXCLUDE,"Not US ABCD Study — uses Generation R (Rotterdam), Dutch ABCD (Amsterdam), and Spanish INMA cohorts. ""from the Dutch ABCD Study and the Spanish INMA Project"" ""a population-based birth cohort in Rotterdam, The Netherlands (n=2,592)""",FT-EC1,,,,,
55,10.1007/s10578-019-00892-7,Differential Relationships of Child Anxiety and Depression to Child Report and Parent Report of Electronic Media Use.,"Fors, Payton Q",2019,Child psychiatry and human development,1,INCLUDE,"Electronic media use predicts anxiety and depressive symptoms. ""Mature-rated video game use was positively associated with depressive symptoms (B = 0.04, p < 0.001)."" Multiple screen media types tested.",,,,,,
398,10.1186/s12966-019-0862-x,Screen time and problem behaviors in children: exploring the mediating role of sleep duration.,"Guerrero, Michelle D",2019,The international journal of behavioral nutrition and physical activity,1,INCLUDE,"Screen time predicts behavioral problems with sleep as mediator. ""Longer screen time was associated with more behavioural problems...partially mediated by shorter sleep duration.""",,,,,,
429,10.1542/peds.2019-0187,24-Hour Movement Behaviors and Impulsivity.,"Guerrero, Michelle D",2019,Pediatrics,1,INCLUDE,"Meeting screen time recommendations within 24-hour movement guidelines predicts lower impulsivity. ""Children who met screen time recommendations had lower impulsivity scores (d = 0.11, p < 0.001).""",,,,,,
116,10.1016/j.ijheh.2018.09.006,"Radiofrequency electromagnetic fields, screen time, and emotional and behavioural problems in 5-year-old children.","Guxens, MÃ²nica",2019,International journal of hygiene and environmental health,1,EXCLUDE,"Same wrong ABCD cohort as [112] — Dutch birth cohort, n=3,102, 5-year-olds.",FT-EC1,,,,,
146,10.1016/j.neuroimage.2018.10.040,Screen media activity and brain structure in youth: Evidence for diverse structural correlation networks from the ABCD study.,"Paulus, Martin P",2019,NeuroImage,1,INCLUDE,"Screen media activity predicts cortical brain structure. ""Screen media activity was related to lower cortical thickness...the largest effect was for the superior temporal sulcus (B = -0.029, p < 0.001).""",,,,,,
98,10.1016/j.dcn.2018.03.008,"Current, future and potential use of mobile and wearable technologies and social media data in the ABCD study to increase understanding of contributors to child health.","Bagot, K S",2018,Developmental cognitive neuroscience,1,EXCLUDE,Methods/technology overview of planned mobile/wearable/social media data collection in ABCD. No quantitative associations tested.,FT-EC3,,,,,
164,10.1016/s2352-4642(18)30278-5,Associations between 24 hour movement behaviours and global cognition in US children: a cross-sectional observational study.,"Walsh, Jeremy J",2018,The Lancet. Child & adolescent health,1,INCLUDE,"ABCD baseline data; recreational screen time is a focal predictor of global cognition. ""This study presents baseline cross-sectional data from the first annual curated release of the ABCD study"" Screen time tested as key exposure variable against cognition outcomes.",,UNSURE,PDF unavailable for independent review.,NO_PDF,,
112,10.1016/j.envres.2016.06.021,"Outdoor and indoor sources of residential radiofrequency electromagnetic fields, personal cell phone and cordless phone use, and cognitive function in 5-6 years old children.","Guxens, MÃ²nica",2016,Environmental research,1,EXCLUDE,"Wrong ABCD — Amsterdam Born Children and their Development (Dutch birth cohort, n=2,354, 5-6 year olds, 2003-2004); not the US ABCD Study.",FT-EC1,,,,,
434,10.1542/peds.2025-073891/206084,Sociodemographic Associations With Early Smartphone Ownership in US Adolescents,CA Carvalho,,publications.aap.org,1,INCLUDE,"Smartphone ownership age is focal DV; sociodemographic predictors tested. ""adjusted odds of early ownership were highest for Black (OR = 3.01; 95% CI, 2.50–3.64)"" ""Youth living with a single parent (OR = 2.09; 95% CI, 1.77–2.46)""",,,,,,
26,10.1002/eat.24034,Cyberbullying and eating disorder symptoms in US early adolescents,CM Cheng,,Wiley Online Library,1,INCLUDE,"Cyberbullying via online/social media is focal predictor of eating disorder symptoms. ""Cyberbullying victimization was associated with worry about weight gain (PR 2.41, 95% CI 1.48–3.91)"" ""Cyberbullying perpetration was associated with worry about weight gain (PR 3.52, 95% CI 1.19–10.37)""",,,,,,
394,10.1186/s12889-024-20102-x?os=io....&ref=app,Screen time and mental health: a prospective analysis of the Adolescent Brain Cognitive Development (ABCD) Study,JM Nagata,,Springer,1,INCLUDE,"Screen time is focal independent variable predicting mental health symptoms prospectively. ""Higher total screen time was associated with all mental health symptoms in adjusted models, and the association was strongest for depressive (B = 0.10, 95% CI 0.06, 0.13, p < 0.001)""",,,,,,
309,10.1111/jora.70076,Bidirectional associations of problematic social media use and problematic gaming with mental health difficulties and strengths in adolescents: Sex and social support â¦,L Todorovic,,Wiley Online Library,1,EXCLUDE,"Not US ABCD Study — uses Amsterdam cohort (University of Amsterdam, Netherlands, N=645). ""Department of Psychology, University of Amsterdam, Amsterdam, The Netherlands""",FT-EC1,,,,,
59,10.1007/s10964-023-01907-2,"The association between adverse childhood experiences (ACEs), bullying victimization, and internalizing and externalizing problems among early adolescents â¦",N Trompeter,,Springer,1,EXCLUDE,"No screen media variable is measured or included in any analytic model. The study examines ACEs and bullying victimization (including cyberbullying as one form) predicting internalizing/externalizing problems. Cyberbullying victimization is a peer victimization measure, not a screen media use variable. ""Regression analyses were used to estimate associations between ACEs, bullying victimization and mental health problems, adjusting for sex, race/ethnicity, country of birth, household income, parental education, and study site."" Covariates include no screen media variable. No screen time, social media use, or digital media variable appears anywhere in the models.",FT-EC2,,,,,
436,10.1542/pedsos.2025-000922/205729,"Digital Media, Genetics, and Risk for ADHD Symptoms in Children: A Longitudinal Study",S Nivins,,publications.aap.org,1,INCLUDE,"Digital media use is focal predictor of ADHD symptoms with PGS moderation in cross-lagged models. ""Average social media use was associated with increased inattention symptoms (β, 0.03; P < .001)"" ""unidirectional association of social media use predicted increases in inattention (β, 0.03; P = .004)""",,,,,,
303,10.1111/jcpp.13608,Multiâlevel predictors of depression symptoms in the Adolescent Brain Cognitive Development (ABCD) study,TC Ho,,Wiley Online Library,0,UNSURE,PDF not obtainable or corrupt file — needs re-download before review.,,UNSURE,PDF unavailable for independent review.,NO_PDF,,
